-- MySQL dump 10.13  Distrib 5.7.19, for macos10.12 (x86_64)
--
-- Host: localhost    Database: modbus
-- ------------------------------------------------------
-- Server version	5.7.19

/*!40101 SET @OLD_CHARACTER_SET_CLIENT=@@CHARACTER_SET_CLIENT */;
/*!40101 SET @OLD_CHARACTER_SET_RESULTS=@@CHARACTER_SET_RESULTS */;
/*!40101 SET @OLD_COLLATION_CONNECTION=@@COLLATION_CONNECTION */;
/*!40101 SET NAMES utf8 */;
/*!40103 SET @OLD_TIME_ZONE=@@TIME_ZONE */;
/*!40103 SET TIME_ZONE='+00:00' */;
/*!40014 SET @OLD_UNIQUE_CHECKS=@@UNIQUE_CHECKS, UNIQUE_CHECKS=0 */;
/*!40014 SET @OLD_FOREIGN_KEY_CHECKS=@@FOREIGN_KEY_CHECKS, FOREIGN_KEY_CHECKS=0 */;
/*!40101 SET @OLD_SQL_MODE=@@SQL_MODE, SQL_MODE='NO_AUTO_VALUE_ON_ZERO' */;
/*!40111 SET @OLD_SQL_NOTES=@@SQL_NOTES, SQL_NOTES=0 */;

--
-- Table structure for table `auth_assignment`
--

DROP TABLE IF EXISTS `auth_assignment`;
/*!40101 SET @saved_cs_client     = @@character_set_client */;
/*!40101 SET character_set_client = utf8 */;
CREATE TABLE `auth_assignment` (
  `item_name` varchar(64) COLLATE utf8_unicode_ci NOT NULL,
  `user_id` varchar(64) COLLATE utf8_unicode_ci NOT NULL,
  `created_at` timestamp NOT NULL DEFAULT CURRENT_TIMESTAMP,
  PRIMARY KEY (`item_name`,`user_id`),
  CONSTRAINT `auth_assignment_ibfk_1` FOREIGN KEY (`item_name`) REFERENCES `auth_item` (`name`) ON DELETE CASCADE ON UPDATE CASCADE
) ENGINE=InnoDB DEFAULT CHARSET=utf8 COLLATE=utf8_unicode_ci;
/*!40101 SET character_set_client = @saved_cs_client */;

--
-- Dumping data for table `auth_assignment`
--

LOCK TABLES `auth_assignment` WRITE;
/*!40000 ALTER TABLE `auth_assignment` DISABLE KEYS */;
INSERT INTO `auth_assignment` VALUES ('admin','1','2018-11-14 06:43:32');
/*!40000 ALTER TABLE `auth_assignment` ENABLE KEYS */;
UNLOCK TABLES;

--
-- Table structure for table `auth_item`
--

DROP TABLE IF EXISTS `auth_item`;
/*!40101 SET @saved_cs_client     = @@character_set_client */;
/*!40101 SET character_set_client = utf8 */;
CREATE TABLE `auth_item` (
  `name` varchar(64) COLLATE utf8_unicode_ci NOT NULL,
  `type` smallint(6) NOT NULL,
  `description` text COLLATE utf8_unicode_ci,
  `rule_name` varchar(64) COLLATE utf8_unicode_ci DEFAULT NULL,
  `data` blob,
  `created_at` timestamp NOT NULL DEFAULT CURRENT_TIMESTAMP,
  `updated_at` timestamp NOT NULL DEFAULT CURRENT_TIMESTAMP,
  PRIMARY KEY (`name`),
  KEY `rule_name` (`rule_name`),
  KEY `idx-auth_item-type` (`type`),
  CONSTRAINT `auth_item_ibfk_1` FOREIGN KEY (`rule_name`) REFERENCES `auth_rule` (`name`) ON DELETE SET NULL ON UPDATE CASCADE
) ENGINE=InnoDB DEFAULT CHARSET=utf8 COLLATE=utf8_unicode_ci;
/*!40101 SET character_set_client = @saved_cs_client */;

--
-- Dumping data for table `auth_item`
--

LOCK TABLES `auth_item` WRITE;
/*!40000 ALTER TABLE `auth_item` DISABLE KEYS */;
INSERT INTO `auth_item` VALUES ('/*',2,'-',NULL,NULL,'2018-11-14 06:43:32','2018-11-14 06:43:32'),('/site/*',2,'-',NULL,NULL,'2018-11-14 06:43:32','2018-11-14 06:43:32'),('admin',1,'Hak Akses Admin',NULL,NULL,'2018-11-14 06:43:32','2018-11-14 06:43:32'),('default',1,'Hak Akses Default',NULL,NULL,'2018-11-14 06:43:32','2018-11-14 06:43:32');
/*!40000 ALTER TABLE `auth_item` ENABLE KEYS */;
UNLOCK TABLES;

--
-- Table structure for table `auth_item_child`
--

DROP TABLE IF EXISTS `auth_item_child`;
/*!40101 SET @saved_cs_client     = @@character_set_client */;
/*!40101 SET character_set_client = utf8 */;
CREATE TABLE `auth_item_child` (
  `parent` varchar(64) COLLATE utf8_unicode_ci NOT NULL,
  `child` varchar(64) COLLATE utf8_unicode_ci NOT NULL,
  PRIMARY KEY (`parent`,`child`),
  KEY `child` (`child`),
  CONSTRAINT `auth_item_child_ibfk_1` FOREIGN KEY (`parent`) REFERENCES `auth_item` (`name`) ON DELETE CASCADE ON UPDATE CASCADE,
  CONSTRAINT `auth_item_child_ibfk_2` FOREIGN KEY (`child`) REFERENCES `auth_item` (`name`) ON DELETE CASCADE ON UPDATE CASCADE
) ENGINE=InnoDB DEFAULT CHARSET=utf8 COLLATE=utf8_unicode_ci;
/*!40101 SET character_set_client = @saved_cs_client */;

--
-- Dumping data for table `auth_item_child`
--

LOCK TABLES `auth_item_child` WRITE;
/*!40000 ALTER TABLE `auth_item_child` DISABLE KEYS */;
INSERT INTO `auth_item_child` VALUES ('admin','/*'),('default','/site/*');
/*!40000 ALTER TABLE `auth_item_child` ENABLE KEYS */;
UNLOCK TABLES;

--
-- Table structure for table `auth_rule`
--

DROP TABLE IF EXISTS `auth_rule`;
/*!40101 SET @saved_cs_client     = @@character_set_client */;
/*!40101 SET character_set_client = utf8 */;
CREATE TABLE `auth_rule` (
  `name` varchar(64) COLLATE utf8_unicode_ci NOT NULL,
  `data` blob,
  `created_at` timestamp NOT NULL DEFAULT CURRENT_TIMESTAMP,
  `updated_at` timestamp NOT NULL DEFAULT CURRENT_TIMESTAMP,
  PRIMARY KEY (`name`)
) ENGINE=InnoDB DEFAULT CHARSET=utf8 COLLATE=utf8_unicode_ci;
/*!40101 SET character_set_client = @saved_cs_client */;

--
-- Dumping data for table `auth_rule`
--

LOCK TABLES `auth_rule` WRITE;
/*!40000 ALTER TABLE `auth_rule` DISABLE KEYS */;
/*!40000 ALTER TABLE `auth_rule` ENABLE KEYS */;
UNLOCK TABLES;

--
-- Table structure for table `deviceport`
--

DROP TABLE IF EXISTS `deviceport`;
/*!40101 SET @saved_cs_client     = @@character_set_client */;
/*!40101 SET character_set_client = utf8 */;
CREATE TABLE `deviceport` (
  `deviceport_id` int(11) NOT NULL AUTO_INCREMENT,
  `device_id` int(11) NOT NULL,
  `port_id` int(11) NOT NULL,
  `value` int(11) DEFAULT NULL,
  `value_inpercent` decimal(10,0) DEFAULT NULL,
  `value_prev` int(11) DEFAULT NULL,
  `port_status` tinyint(1) DEFAULT NULL,
  `port_status_prev` tinyint(1) DEFAULT NULL,
  `last_uptime` timestamp NOT NULL DEFAULT CURRENT_TIMESTAMP,
  `port_uptime` int(11) DEFAULT NULL,
  `poll_time` timestamp NOT NULL DEFAULT CURRENT_TIMESTAMP,
  `poll_prev` timestamp NOT NULL DEFAULT CURRENT_TIMESTAMP,
  `isactive` tinyint(1) NOT NULL DEFAULT '1',
  `created` timestamp NOT NULL DEFAULT CURRENT_TIMESTAMP,
  `createdby` int(4) DEFAULT NULL,
  `updated` timestamp NOT NULL DEFAULT CURRENT_TIMESTAMP,
  `updateby` int(4) DEFAULT NULL,
  PRIMARY KEY (`deviceport_id`),
  UNIQUE KEY `idx_deviceport_device_and_port` (`device_id`,`port_id`),
  KEY `fk_deviceport_ports` (`port_id`),
  CONSTRAINT `fk_deviceport_devices` FOREIGN KEY (`device_id`) REFERENCES `devices` (`device_id`),
  CONSTRAINT `fk_deviceport_ports` FOREIGN KEY (`port_id`) REFERENCES `ports` (`port_id`)
) ENGINE=InnoDB AUTO_INCREMENT=801 DEFAULT CHARSET=latin1;
/*!40101 SET character_set_client = @saved_cs_client */;

--
-- Dumping data for table `deviceport`
--

LOCK TABLES `deviceport` WRITE;
/*!40000 ALTER TABLE `deviceport` DISABLE KEYS */;
INSERT INTO `deviceport` VALUES (1,1,1,NULL,NULL,NULL,NULL,NULL,'2018-11-14 06:47:14',NULL,'2018-11-14 06:47:14','2018-11-14 06:47:14',1,'2018-11-14 06:47:14',NULL,'2018-11-14 06:47:14',NULL),(2,1,2,NULL,NULL,NULL,NULL,NULL,'2018-11-14 06:47:14',NULL,'2018-11-14 06:47:14','2018-11-14 06:47:14',1,'2018-11-14 06:47:14',NULL,'2018-11-14 06:47:14',NULL),(3,1,3,NULL,NULL,NULL,NULL,NULL,'2018-11-14 06:47:14',NULL,'2018-11-14 06:47:14','2018-11-14 06:47:14',1,'2018-11-14 06:47:14',NULL,'2018-11-14 06:47:14',NULL),(4,1,4,NULL,NULL,NULL,NULL,NULL,'2018-11-14 06:47:14',NULL,'2018-11-14 06:47:14','2018-11-14 06:47:14',1,'2018-11-14 06:47:14',NULL,'2018-11-14 06:47:14',NULL),(5,1,5,NULL,NULL,NULL,NULL,NULL,'2018-11-14 06:47:14',NULL,'2018-11-14 06:47:14','2018-11-14 06:47:14',1,'2018-11-14 06:47:14',NULL,'2018-11-14 06:47:14',NULL),(6,1,6,NULL,NULL,NULL,NULL,NULL,'2018-11-14 06:47:14',NULL,'2018-11-14 06:47:14','2018-11-14 06:47:14',1,'2018-11-14 06:47:14',NULL,'2018-11-14 06:47:14',NULL),(7,1,7,NULL,NULL,NULL,NULL,NULL,'2018-11-14 06:47:14',NULL,'2018-11-14 06:47:14','2018-11-14 06:47:14',1,'2018-11-14 06:47:14',NULL,'2018-11-14 06:47:14',NULL),(8,1,8,NULL,NULL,NULL,NULL,NULL,'2018-11-14 06:47:14',NULL,'2018-11-14 06:47:14','2018-11-14 06:47:14',1,'2018-11-14 06:47:14',NULL,'2018-11-14 06:47:14',NULL),(9,1,9,NULL,NULL,NULL,NULL,NULL,'2018-11-14 06:47:14',NULL,'2018-11-14 06:47:14','2018-11-14 06:47:14',1,'2018-11-14 06:47:14',NULL,'2018-11-14 06:47:14',NULL),(10,1,10,NULL,NULL,NULL,NULL,NULL,'2018-11-14 06:47:14',NULL,'2018-11-14 06:47:14','2018-11-14 06:47:14',1,'2018-11-14 06:47:14',NULL,'2018-11-14 06:47:14',NULL),(11,1,11,NULL,NULL,NULL,NULL,NULL,'2018-11-14 06:47:14',NULL,'2018-11-14 06:47:14','2018-11-14 06:47:14',1,'2018-11-14 06:47:14',NULL,'2018-11-14 06:47:14',NULL),(12,1,12,NULL,NULL,NULL,NULL,NULL,'2018-11-14 06:47:14',NULL,'2018-11-14 06:47:14','2018-11-14 06:47:14',1,'2018-11-14 06:47:14',NULL,'2018-11-14 06:47:14',NULL),(13,1,13,NULL,NULL,NULL,NULL,NULL,'2018-11-14 06:47:14',NULL,'2018-11-14 06:47:14','2018-11-14 06:47:14',1,'2018-11-14 06:47:14',NULL,'2018-11-14 06:47:14',NULL),(14,1,14,NULL,NULL,NULL,NULL,NULL,'2018-11-14 06:47:14',NULL,'2018-11-14 06:47:14','2018-11-14 06:47:14',1,'2018-11-14 06:47:14',NULL,'2018-11-14 06:47:14',NULL),(15,1,15,NULL,NULL,NULL,NULL,NULL,'2018-11-14 06:47:14',NULL,'2018-11-14 06:47:14','2018-11-14 06:47:14',1,'2018-11-14 06:47:14',NULL,'2018-11-14 06:47:14',NULL),(16,1,16,NULL,NULL,NULL,NULL,NULL,'2018-11-14 06:47:14',NULL,'2018-11-14 06:47:14','2018-11-14 06:47:14',1,'2018-11-14 06:47:14',NULL,'2018-11-14 06:47:14',NULL),(17,1,17,NULL,NULL,NULL,NULL,NULL,'2018-11-14 06:47:14',NULL,'2018-11-14 06:47:14','2018-11-14 06:47:14',1,'2018-11-14 06:47:14',NULL,'2018-11-14 06:47:14',NULL),(18,1,18,NULL,NULL,NULL,NULL,NULL,'2018-11-14 06:47:14',NULL,'2018-11-14 06:47:14','2018-11-14 06:47:14',1,'2018-11-14 06:47:14',NULL,'2018-11-14 06:47:14',NULL),(19,1,19,NULL,NULL,NULL,NULL,NULL,'2018-11-14 06:47:14',NULL,'2018-11-14 06:47:14','2018-11-14 06:47:14',1,'2018-11-14 06:47:14',NULL,'2018-11-14 06:47:14',NULL),(20,1,20,NULL,NULL,NULL,NULL,NULL,'2018-11-14 06:47:14',NULL,'2018-11-14 06:47:14','2018-11-14 06:47:14',1,'2018-11-14 06:47:14',NULL,'2018-11-14 06:47:14',NULL),(21,1,21,NULL,NULL,NULL,NULL,NULL,'2018-11-14 06:47:14',NULL,'2018-11-14 06:47:14','2018-11-14 06:47:14',1,'2018-11-14 06:47:14',NULL,'2018-11-14 06:47:14',NULL),(22,1,22,NULL,NULL,NULL,NULL,NULL,'2018-11-14 06:47:14',NULL,'2018-11-14 06:47:14','2018-11-14 06:47:14',1,'2018-11-14 06:47:14',NULL,'2018-11-14 06:47:14',NULL),(23,1,23,NULL,NULL,NULL,NULL,NULL,'2018-11-14 06:47:14',NULL,'2018-11-14 06:47:14','2018-11-14 06:47:14',1,'2018-11-14 06:47:14',NULL,'2018-11-14 06:47:14',NULL),(24,1,24,NULL,NULL,NULL,NULL,NULL,'2018-11-14 06:47:14',NULL,'2018-11-14 06:47:14','2018-11-14 06:47:14',1,'2018-11-14 06:47:14',NULL,'2018-11-14 06:47:14',NULL),(25,1,25,NULL,NULL,NULL,NULL,NULL,'2018-11-14 06:47:14',NULL,'2018-11-14 06:47:14','2018-11-14 06:47:14',1,'2018-11-14 06:47:14',NULL,'2018-11-14 06:47:14',NULL),(26,1,26,NULL,NULL,NULL,NULL,NULL,'2018-11-14 06:47:14',NULL,'2018-11-14 06:47:14','2018-11-14 06:47:14',1,'2018-11-14 06:47:14',NULL,'2018-11-14 06:47:14',NULL),(27,1,27,NULL,NULL,NULL,NULL,NULL,'2018-11-14 06:47:14',NULL,'2018-11-14 06:47:14','2018-11-14 06:47:14',1,'2018-11-14 06:47:14',NULL,'2018-11-14 06:47:14',NULL),(28,1,28,NULL,NULL,NULL,NULL,NULL,'2018-11-14 06:47:14',NULL,'2018-11-14 06:47:14','2018-11-14 06:47:14',1,'2018-11-14 06:47:14',NULL,'2018-11-14 06:47:14',NULL),(29,1,29,NULL,NULL,NULL,NULL,NULL,'2018-11-14 06:47:14',NULL,'2018-11-14 06:47:14','2018-11-14 06:47:14',1,'2018-11-14 06:47:14',NULL,'2018-11-14 06:47:14',NULL),(30,1,30,NULL,NULL,NULL,NULL,NULL,'2018-11-14 06:47:14',NULL,'2018-11-14 06:47:14','2018-11-14 06:47:14',1,'2018-11-14 06:47:14',NULL,'2018-11-14 06:47:14',NULL),(31,1,31,NULL,NULL,NULL,NULL,NULL,'2018-11-14 06:47:14',NULL,'2018-11-14 06:47:14','2018-11-14 06:47:14',1,'2018-11-14 06:47:14',NULL,'2018-11-14 06:47:14',NULL),(32,1,32,NULL,NULL,NULL,NULL,NULL,'2018-11-14 06:47:14',NULL,'2018-11-14 06:47:14','2018-11-14 06:47:14',1,'2018-11-14 06:47:14',NULL,'2018-11-14 06:47:14',NULL),(33,1,33,NULL,NULL,NULL,NULL,NULL,'2018-11-14 06:47:14',NULL,'2018-11-14 06:47:14','2018-11-14 06:47:14',1,'2018-11-14 06:47:14',NULL,'2018-11-14 06:47:14',NULL),(34,1,34,NULL,NULL,NULL,NULL,NULL,'2018-11-14 06:47:14',NULL,'2018-11-14 06:47:14','2018-11-14 06:47:14',1,'2018-11-14 06:47:14',NULL,'2018-11-14 06:47:14',NULL),(35,1,35,NULL,NULL,NULL,NULL,NULL,'2018-11-14 06:47:14',NULL,'2018-11-14 06:47:14','2018-11-14 06:47:14',1,'2018-11-14 06:47:14',NULL,'2018-11-14 06:47:14',NULL),(36,1,36,NULL,NULL,NULL,NULL,NULL,'2018-11-14 06:47:14',NULL,'2018-11-14 06:47:14','2018-11-14 06:47:14',1,'2018-11-14 06:47:14',NULL,'2018-11-14 06:47:14',NULL),(37,1,37,NULL,NULL,NULL,NULL,NULL,'2018-11-14 06:47:14',NULL,'2018-11-14 06:47:14','2018-11-14 06:47:14',1,'2018-11-14 06:47:14',NULL,'2018-11-14 06:47:14',NULL),(38,1,38,NULL,NULL,NULL,NULL,NULL,'2018-11-14 06:47:14',NULL,'2018-11-14 06:47:14','2018-11-14 06:47:14',1,'2018-11-14 06:47:14',NULL,'2018-11-14 06:47:14',NULL),(39,1,39,NULL,NULL,NULL,NULL,NULL,'2018-11-14 06:47:14',NULL,'2018-11-14 06:47:14','2018-11-14 06:47:14',1,'2018-11-14 06:47:14',NULL,'2018-11-14 06:47:14',NULL),(40,1,40,NULL,NULL,NULL,NULL,NULL,'2018-11-14 06:47:14',NULL,'2018-11-14 06:47:14','2018-11-14 06:47:14',1,'2018-11-14 06:47:14',NULL,'2018-11-14 06:47:14',NULL),(41,1,41,NULL,NULL,NULL,NULL,NULL,'2018-11-14 06:47:14',NULL,'2018-11-14 06:47:14','2018-11-14 06:47:14',1,'2018-11-14 06:47:14',NULL,'2018-11-14 06:47:14',NULL),(42,1,42,NULL,NULL,NULL,NULL,NULL,'2018-11-14 06:47:14',NULL,'2018-11-14 06:47:14','2018-11-14 06:47:14',1,'2018-11-14 06:47:14',NULL,'2018-11-14 06:47:14',NULL),(43,1,43,NULL,NULL,NULL,NULL,NULL,'2018-11-14 06:47:14',NULL,'2018-11-14 06:47:14','2018-11-14 06:47:14',1,'2018-11-14 06:47:14',NULL,'2018-11-14 06:47:14',NULL),(44,1,44,NULL,NULL,NULL,NULL,NULL,'2018-11-14 06:47:14',NULL,'2018-11-14 06:47:14','2018-11-14 06:47:14',1,'2018-11-14 06:47:14',NULL,'2018-11-14 06:47:14',NULL),(45,1,45,NULL,NULL,NULL,NULL,NULL,'2018-11-14 06:47:14',NULL,'2018-11-14 06:47:14','2018-11-14 06:47:14',1,'2018-11-14 06:47:14',NULL,'2018-11-14 06:47:14',NULL),(46,1,46,NULL,NULL,NULL,NULL,NULL,'2018-11-14 06:47:14',NULL,'2018-11-14 06:47:14','2018-11-14 06:47:14',1,'2018-11-14 06:47:14',NULL,'2018-11-14 06:47:14',NULL),(47,1,47,NULL,NULL,NULL,NULL,NULL,'2018-11-14 06:47:14',NULL,'2018-11-14 06:47:14','2018-11-14 06:47:14',1,'2018-11-14 06:47:14',NULL,'2018-11-14 06:47:14',NULL),(48,1,48,NULL,NULL,NULL,NULL,NULL,'2018-11-14 06:47:15',NULL,'2018-11-14 06:47:15','2018-11-14 06:47:15',1,'2018-11-14 06:47:15',NULL,'2018-11-14 06:47:15',NULL),(49,1,49,NULL,NULL,NULL,NULL,NULL,'2018-11-14 06:47:15',NULL,'2018-11-14 06:47:15','2018-11-14 06:47:15',1,'2018-11-14 06:47:15',NULL,'2018-11-14 06:47:15',NULL),(50,1,50,0,NULL,NULL,NULL,NULL,'2018-11-14 06:47:15',NULL,'2018-11-14 06:47:15','2018-11-14 06:47:15',1,'2018-11-14 06:47:15',NULL,'2018-11-14 06:47:15',NULL),(51,1,51,0,NULL,NULL,NULL,NULL,'2018-11-14 06:47:15',NULL,'2018-11-14 06:47:15','2018-11-14 06:47:15',1,'2018-11-14 06:47:15',NULL,'2018-11-14 06:47:15',NULL),(52,1,52,0,NULL,NULL,NULL,NULL,'2018-11-14 06:47:15',NULL,'2018-11-14 06:47:15','2018-11-14 06:47:15',1,'2018-11-14 06:47:15',NULL,'2018-11-14 06:47:15',NULL),(53,1,53,0,NULL,NULL,NULL,NULL,'2018-11-14 06:47:15',NULL,'2018-11-14 06:47:15','2018-11-14 06:47:15',1,'2018-11-14 06:47:15',NULL,'2018-11-14 06:47:15',NULL),(54,1,54,0,NULL,NULL,NULL,NULL,'2018-11-14 06:47:15',NULL,'2018-11-14 06:47:15','2018-11-14 06:47:15',1,'2018-11-14 06:47:15',NULL,'2018-11-14 06:47:15',NULL),(55,1,55,0,NULL,NULL,NULL,NULL,'2018-11-14 06:47:15',NULL,'2018-11-14 06:47:15','2018-11-14 06:47:15',1,'2018-11-14 06:47:15',NULL,'2018-11-14 06:47:15',NULL),(56,1,56,0,NULL,NULL,NULL,NULL,'2018-11-14 06:47:15',NULL,'2018-11-14 06:47:15','2018-11-14 06:47:15',1,'2018-11-14 06:47:15',NULL,'2018-11-14 06:47:15',NULL),(57,1,57,0,NULL,NULL,NULL,NULL,'2018-11-14 06:47:15',NULL,'2018-11-14 06:47:15','2018-11-14 06:47:15',1,'2018-11-14 06:47:15',NULL,'2018-11-14 06:47:15',NULL),(58,1,58,0,NULL,NULL,NULL,NULL,'2018-11-14 06:47:15',NULL,'2018-11-14 06:47:15','2018-11-14 06:47:15',1,'2018-11-14 06:47:15',NULL,'2018-11-14 06:47:15',NULL),(59,1,59,0,NULL,NULL,NULL,NULL,'2018-11-14 06:47:15',NULL,'2018-11-14 06:47:15','2018-11-14 06:47:15',1,'2018-11-14 06:47:15',NULL,'2018-11-14 06:47:15',NULL),(60,1,60,0,NULL,NULL,NULL,NULL,'2018-11-14 06:47:15',NULL,'2018-11-14 06:47:15','2018-11-14 06:47:15',1,'2018-11-14 06:47:15',NULL,'2018-11-14 06:47:15',NULL),(61,1,61,0,NULL,NULL,NULL,NULL,'2018-11-14 06:47:15',NULL,'2018-11-14 06:47:15','2018-11-14 06:47:15',1,'2018-11-14 06:47:15',NULL,'2018-11-14 06:47:15',NULL),(62,1,62,0,NULL,NULL,NULL,NULL,'2018-11-14 06:47:15',NULL,'2018-11-14 06:47:15','2018-11-14 06:47:15',1,'2018-11-14 06:47:15',NULL,'2018-11-14 06:47:15',NULL),(63,1,63,0,NULL,NULL,NULL,NULL,'2018-11-14 06:47:15',NULL,'2018-11-14 06:47:15','2018-11-14 06:47:15',1,'2018-11-14 06:47:15',NULL,'2018-11-14 06:47:15',NULL),(64,1,64,0,NULL,NULL,NULL,NULL,'2018-11-14 06:47:15',NULL,'2018-11-14 06:47:15','2018-11-14 06:47:15',1,'2018-11-14 06:47:15',NULL,'2018-11-14 06:47:15',NULL),(65,1,65,0,NULL,NULL,NULL,NULL,'2018-11-14 06:47:15',NULL,'2018-11-14 06:47:15','2018-11-14 06:47:15',1,'2018-11-14 06:47:15',NULL,'2018-11-14 06:47:15',NULL),(66,1,66,0,NULL,NULL,NULL,NULL,'2018-11-14 06:47:15',NULL,'2018-11-14 06:47:15','2018-11-14 06:47:15',1,'2018-11-14 06:47:15',NULL,'2018-11-14 06:47:15',NULL),(67,1,68,0,NULL,NULL,NULL,NULL,'2018-11-14 06:47:15',NULL,'2018-11-14 06:47:15','2018-11-14 06:47:15',1,'2018-11-14 06:47:15',NULL,'2018-11-14 06:47:15',NULL),(68,1,69,0,NULL,NULL,NULL,NULL,'2018-11-14 06:47:15',NULL,'2018-11-14 06:47:15','2018-11-14 06:47:15',1,'2018-11-14 06:47:15',NULL,'2018-11-14 06:47:15',NULL),(69,1,70,0,NULL,NULL,NULL,NULL,'2018-11-14 06:47:15',NULL,'2018-11-14 06:47:15','2018-11-14 06:47:15',1,'2018-11-14 06:47:15',NULL,'2018-11-14 06:47:15',NULL),(70,1,71,0,NULL,NULL,NULL,NULL,'2018-11-14 06:47:15',NULL,'2018-11-14 06:47:15','2018-11-14 06:47:15',1,'2018-11-14 06:47:15',NULL,'2018-11-14 06:47:15',NULL),(71,1,72,0,NULL,NULL,NULL,NULL,'2018-11-14 06:47:15',NULL,'2018-11-14 06:47:15','2018-11-14 06:47:15',1,'2018-11-14 06:47:15',NULL,'2018-11-14 06:47:15',NULL),(72,1,73,0,NULL,NULL,NULL,NULL,'2018-11-14 06:47:15',NULL,'2018-11-14 06:47:15','2018-11-14 06:47:15',1,'2018-11-14 06:47:15',NULL,'2018-11-14 06:47:15',NULL),(73,1,74,0,NULL,NULL,NULL,NULL,'2018-11-14 06:47:15',NULL,'2018-11-14 06:47:15','2018-11-14 06:47:15',1,'2018-11-14 06:47:15',NULL,'2018-11-14 06:47:15',NULL),(74,1,75,0,NULL,NULL,NULL,NULL,'2018-11-14 06:47:15',NULL,'2018-11-14 06:47:15','2018-11-14 06:47:15',1,'2018-11-14 06:47:15',NULL,'2018-11-14 06:47:15',NULL),(75,1,76,0,NULL,NULL,NULL,NULL,'2018-11-14 06:47:15',NULL,'2018-11-14 06:47:15','2018-11-14 06:47:15',1,'2018-11-14 06:47:15',NULL,'2018-11-14 06:47:15',NULL),(76,1,77,0,NULL,NULL,NULL,NULL,'2018-11-14 06:47:15',NULL,'2018-11-14 06:47:15','2018-11-14 06:47:15',1,'2018-11-14 06:47:15',NULL,'2018-11-14 06:47:15',NULL),(77,1,78,0,NULL,NULL,NULL,NULL,'2018-11-14 06:47:15',NULL,'2018-11-14 06:47:15','2018-11-14 06:47:15',1,'2018-11-14 06:47:15',NULL,'2018-11-14 06:47:15',NULL),(78,1,79,0,NULL,NULL,NULL,NULL,'2018-11-14 06:47:15',NULL,'2018-11-14 06:47:15','2018-11-14 06:47:15',1,'2018-11-14 06:47:15',NULL,'2018-11-14 06:47:15',NULL),(79,1,80,0,NULL,NULL,NULL,NULL,'2018-11-14 06:47:15',NULL,'2018-11-14 06:47:15','2018-11-14 06:47:15',1,'2018-11-14 06:47:15',NULL,'2018-11-14 06:47:15',NULL),(80,1,81,0,NULL,NULL,NULL,NULL,'2018-11-14 06:47:15',NULL,'2018-11-14 06:47:15','2018-11-14 06:47:15',1,'2018-11-14 06:47:15',NULL,'2018-11-14 06:47:15',NULL),(81,1,82,0,NULL,NULL,NULL,NULL,'2018-11-14 06:47:15',NULL,'2018-11-14 06:47:15','2018-11-14 06:47:15',1,'2018-11-14 06:47:15',NULL,'2018-11-14 06:47:15',NULL),(82,1,83,0,NULL,NULL,NULL,NULL,'2018-11-14 06:47:15',NULL,'2018-11-14 06:47:15','2018-11-14 06:47:15',1,'2018-11-14 06:47:15',NULL,'2018-11-14 06:47:15',NULL),(83,1,85,0,NULL,NULL,NULL,NULL,'2018-11-14 06:47:15',NULL,'2018-11-14 06:47:15','2018-11-14 06:47:15',1,'2018-11-14 06:47:15',NULL,'2018-11-14 06:47:15',NULL),(84,1,87,0,NULL,NULL,NULL,NULL,'2018-11-14 06:47:15',NULL,'2018-11-14 06:47:15','2018-11-14 06:47:15',1,'2018-11-14 06:47:15',NULL,'2018-11-14 06:47:15',NULL),(85,1,89,0,NULL,NULL,NULL,NULL,'2018-11-14 06:47:15',NULL,'2018-11-14 06:47:15','2018-11-14 06:47:15',1,'2018-11-14 06:47:15',NULL,'2018-11-14 06:47:15',NULL),(86,1,91,0,NULL,NULL,NULL,NULL,'2018-11-14 06:47:15',NULL,'2018-11-14 06:47:15','2018-11-14 06:47:15',1,'2018-11-14 06:47:15',NULL,'2018-11-14 06:47:15',NULL),(87,1,93,0,NULL,NULL,NULL,NULL,'2018-11-14 06:47:16',NULL,'2018-11-14 06:47:16','2018-11-14 06:47:16',1,'2018-11-14 06:47:16',NULL,'2018-11-14 06:47:16',NULL),(88,1,95,0,NULL,NULL,NULL,NULL,'2018-11-14 06:47:16',NULL,'2018-11-14 06:47:16','2018-11-14 06:47:16',1,'2018-11-14 06:47:16',NULL,'2018-11-14 06:47:16',NULL),(89,1,97,0,NULL,NULL,NULL,NULL,'2018-11-14 06:47:16',NULL,'2018-11-14 06:47:16','2018-11-14 06:47:16',1,'2018-11-14 06:47:16',NULL,'2018-11-14 06:47:16',NULL),(90,1,99,0,NULL,NULL,NULL,NULL,'2018-11-14 06:47:16',NULL,'2018-11-14 06:47:16','2018-11-14 06:47:16',1,'2018-11-14 06:47:16',NULL,'2018-11-14 06:47:16',NULL),(91,1,101,0,NULL,NULL,NULL,NULL,'2018-11-14 06:47:16',NULL,'2018-11-14 06:47:16','2018-11-14 06:47:16',1,'2018-11-14 06:47:16',NULL,'2018-11-14 06:47:16',NULL),(92,1,103,0,NULL,NULL,NULL,NULL,'2018-11-14 06:47:16',NULL,'2018-11-14 06:47:16','2018-11-14 06:47:16',1,'2018-11-14 06:47:16',NULL,'2018-11-14 06:47:16',NULL),(93,1,105,0,NULL,NULL,NULL,NULL,'2018-11-14 06:47:16',NULL,'2018-11-14 06:47:16','2018-11-14 06:47:16',1,'2018-11-14 06:47:16',NULL,'2018-11-14 06:47:16',NULL),(94,1,106,0,NULL,NULL,NULL,NULL,'2018-11-14 06:47:16',NULL,'2018-11-14 06:47:16','2018-11-14 06:47:16',1,'2018-11-14 06:47:16',NULL,'2018-11-14 06:47:16',NULL),(95,1,107,0,NULL,NULL,NULL,NULL,'2018-11-14 06:47:16',NULL,'2018-11-14 06:47:16','2018-11-14 06:47:16',1,'2018-11-14 06:47:16',NULL,'2018-11-14 06:47:16',NULL),(96,1,108,0,NULL,NULL,NULL,NULL,'2018-11-14 06:47:16',NULL,'2018-11-14 06:47:16','2018-11-14 06:47:16',1,'2018-11-14 06:47:16',NULL,'2018-11-14 06:47:16',NULL),(97,1,109,0,NULL,NULL,NULL,NULL,'2018-11-14 06:47:16',NULL,'2018-11-14 06:47:16','2018-11-14 06:47:16',1,'2018-11-14 06:47:16',NULL,'2018-11-14 06:47:16',NULL),(98,1,110,0,NULL,NULL,NULL,NULL,'2018-11-14 06:47:16',NULL,'2018-11-14 06:47:16','2018-11-14 06:47:16',1,'2018-11-14 06:47:16',NULL,'2018-11-14 06:47:16',NULL),(99,1,111,0,NULL,NULL,NULL,NULL,'2018-11-14 06:47:16',NULL,'2018-11-14 06:47:16','2018-11-14 06:47:16',1,'2018-11-14 06:47:16',NULL,'2018-11-14 06:47:16',NULL),(100,1,112,0,NULL,NULL,NULL,NULL,'2018-11-14 06:47:16',NULL,'2018-11-14 06:47:16','2018-11-14 06:47:16',1,'2018-11-14 06:47:16',NULL,'2018-11-14 06:47:16',NULL),(101,2,1,NULL,NULL,NULL,NULL,NULL,'2018-11-15 07:21:09',NULL,'2018-11-15 07:21:09','2018-11-15 07:21:09',1,'2018-11-15 07:21:09',NULL,'2018-11-15 07:21:09',NULL),(102,2,2,NULL,NULL,NULL,NULL,NULL,'2018-11-15 07:21:09',NULL,'2018-11-15 07:21:09','2018-11-15 07:21:09',1,'2018-11-15 07:21:09',NULL,'2018-11-15 07:21:09',NULL),(103,2,3,NULL,NULL,NULL,NULL,NULL,'2018-11-15 07:21:09',NULL,'2018-11-15 07:21:09','2018-11-15 07:21:09',1,'2018-11-15 07:21:09',NULL,'2018-11-15 07:21:09',NULL),(104,2,4,NULL,NULL,NULL,NULL,NULL,'2018-11-15 07:21:09',NULL,'2018-11-15 07:21:09','2018-11-15 07:21:09',1,'2018-11-15 07:21:09',NULL,'2018-11-15 07:21:09',NULL),(105,2,5,NULL,NULL,NULL,NULL,NULL,'2018-11-15 07:21:09',NULL,'2018-11-15 07:21:09','2018-11-15 07:21:09',1,'2018-11-15 07:21:09',NULL,'2018-11-15 07:21:09',NULL),(106,2,6,NULL,NULL,NULL,NULL,NULL,'2018-11-15 07:21:09',NULL,'2018-11-15 07:21:09','2018-11-15 07:21:09',1,'2018-11-15 07:21:09',NULL,'2018-11-15 07:21:09',NULL),(107,2,7,NULL,NULL,NULL,NULL,NULL,'2018-11-15 07:21:09',NULL,'2018-11-15 07:21:09','2018-11-15 07:21:09',1,'2018-11-15 07:21:09',NULL,'2018-11-15 07:21:09',NULL),(108,2,8,NULL,NULL,NULL,NULL,NULL,'2018-11-15 07:21:09',NULL,'2018-11-15 07:21:09','2018-11-15 07:21:09',1,'2018-11-15 07:21:09',NULL,'2018-11-15 07:21:09',NULL),(109,2,9,NULL,NULL,NULL,NULL,NULL,'2018-11-15 07:21:09',NULL,'2018-11-15 07:21:09','2018-11-15 07:21:09',1,'2018-11-15 07:21:09',NULL,'2018-11-15 07:21:09',NULL),(110,2,10,NULL,NULL,NULL,NULL,NULL,'2018-11-15 07:21:09',NULL,'2018-11-15 07:21:09','2018-11-15 07:21:09',1,'2018-11-15 07:21:09',NULL,'2018-11-15 07:21:09',NULL),(111,2,11,NULL,NULL,NULL,NULL,NULL,'2018-11-15 07:21:09',NULL,'2018-11-15 07:21:09','2018-11-15 07:21:09',1,'2018-11-15 07:21:09',NULL,'2018-11-15 07:21:09',NULL),(112,2,12,NULL,NULL,NULL,NULL,NULL,'2018-11-15 07:21:09',NULL,'2018-11-15 07:21:09','2018-11-15 07:21:09',1,'2018-11-15 07:21:09',NULL,'2018-11-15 07:21:09',NULL),(113,2,13,NULL,NULL,NULL,NULL,NULL,'2018-11-15 07:21:09',NULL,'2018-11-15 07:21:09','2018-11-15 07:21:09',1,'2018-11-15 07:21:09',NULL,'2018-11-15 07:21:09',NULL),(114,2,14,NULL,NULL,NULL,NULL,NULL,'2018-11-15 07:21:09',NULL,'2018-11-15 07:21:09','2018-11-15 07:21:09',1,'2018-11-15 07:21:09',NULL,'2018-11-15 07:21:09',NULL),(115,2,15,NULL,NULL,NULL,NULL,NULL,'2018-11-15 07:21:09',NULL,'2018-11-15 07:21:09','2018-11-15 07:21:09',1,'2018-11-15 07:21:09',NULL,'2018-11-15 07:21:09',NULL),(116,2,16,NULL,NULL,NULL,NULL,NULL,'2018-11-15 07:21:09',NULL,'2018-11-15 07:21:09','2018-11-15 07:21:09',1,'2018-11-15 07:21:09',NULL,'2018-11-15 07:21:09',NULL),(117,2,17,NULL,NULL,NULL,NULL,NULL,'2018-11-15 07:21:09',NULL,'2018-11-15 07:21:09','2018-11-15 07:21:09',1,'2018-11-15 07:21:09',NULL,'2018-11-15 07:21:09',NULL),(118,2,18,NULL,NULL,NULL,NULL,NULL,'2018-11-15 07:21:10',NULL,'2018-11-15 07:21:10','2018-11-15 07:21:10',1,'2018-11-15 07:21:10',NULL,'2018-11-15 07:21:10',NULL),(119,2,19,NULL,NULL,NULL,NULL,NULL,'2018-11-15 07:21:10',NULL,'2018-11-15 07:21:10','2018-11-15 07:21:10',1,'2018-11-15 07:21:10',NULL,'2018-11-15 07:21:10',NULL),(120,2,20,NULL,NULL,NULL,NULL,NULL,'2018-11-15 07:21:10',NULL,'2018-11-15 07:21:10','2018-11-15 07:21:10',1,'2018-11-15 07:21:10',NULL,'2018-11-15 07:21:10',NULL),(121,2,21,NULL,NULL,NULL,NULL,NULL,'2018-11-15 07:21:10',NULL,'2018-11-15 07:21:10','2018-11-15 07:21:10',1,'2018-11-15 07:21:10',NULL,'2018-11-15 07:21:10',NULL),(122,2,22,NULL,NULL,NULL,NULL,NULL,'2018-11-15 07:21:10',NULL,'2018-11-15 07:21:10','2018-11-15 07:21:10',1,'2018-11-15 07:21:10',NULL,'2018-11-15 07:21:10',NULL),(123,2,23,NULL,NULL,NULL,NULL,NULL,'2018-11-15 07:21:10',NULL,'2018-11-15 07:21:10','2018-11-15 07:21:10',1,'2018-11-15 07:21:10',NULL,'2018-11-15 07:21:10',NULL),(124,2,24,NULL,NULL,NULL,NULL,NULL,'2018-11-15 07:21:10',NULL,'2018-11-15 07:21:10','2018-11-15 07:21:10',1,'2018-11-15 07:21:10',NULL,'2018-11-15 07:21:10',NULL),(125,2,25,NULL,NULL,NULL,NULL,NULL,'2018-11-15 07:21:10',NULL,'2018-11-15 07:21:10','2018-11-15 07:21:10',1,'2018-11-15 07:21:10',NULL,'2018-11-15 07:21:10',NULL),(126,2,26,NULL,NULL,NULL,NULL,NULL,'2018-11-15 07:21:10',NULL,'2018-11-15 07:21:10','2018-11-15 07:21:10',1,'2018-11-15 07:21:10',NULL,'2018-11-15 07:21:10',NULL),(127,2,27,NULL,NULL,NULL,NULL,NULL,'2018-11-15 07:21:10',NULL,'2018-11-15 07:21:10','2018-11-15 07:21:10',1,'2018-11-15 07:21:10',NULL,'2018-11-15 07:21:10',NULL),(128,2,28,NULL,NULL,NULL,NULL,NULL,'2018-11-15 07:21:10',NULL,'2018-11-15 07:21:10','2018-11-15 07:21:10',1,'2018-11-15 07:21:10',NULL,'2018-11-15 07:21:10',NULL),(129,2,29,NULL,NULL,NULL,NULL,NULL,'2018-11-15 07:21:10',NULL,'2018-11-15 07:21:10','2018-11-15 07:21:10',1,'2018-11-15 07:21:10',NULL,'2018-11-15 07:21:10',NULL),(130,2,30,NULL,NULL,NULL,NULL,NULL,'2018-11-15 07:21:10',NULL,'2018-11-15 07:21:10','2018-11-15 07:21:10',1,'2018-11-15 07:21:10',NULL,'2018-11-15 07:21:10',NULL),(131,2,31,NULL,NULL,NULL,NULL,NULL,'2018-11-15 07:21:10',NULL,'2018-11-15 07:21:10','2018-11-15 07:21:10',1,'2018-11-15 07:21:10',NULL,'2018-11-15 07:21:10',NULL),(132,2,32,NULL,NULL,NULL,NULL,NULL,'2018-11-15 07:21:10',NULL,'2018-11-15 07:21:10','2018-11-15 07:21:10',1,'2018-11-15 07:21:10',NULL,'2018-11-15 07:21:10',NULL),(133,2,33,NULL,NULL,NULL,NULL,NULL,'2018-11-15 07:21:10',NULL,'2018-11-15 07:21:10','2018-11-15 07:21:10',1,'2018-11-15 07:21:10',NULL,'2018-11-15 07:21:10',NULL),(134,2,34,NULL,NULL,NULL,NULL,NULL,'2018-11-15 07:21:10',NULL,'2018-11-15 07:21:10','2018-11-15 07:21:10',1,'2018-11-15 07:21:10',NULL,'2018-11-15 07:21:10',NULL),(135,2,35,NULL,NULL,NULL,NULL,NULL,'2018-11-15 07:21:10',NULL,'2018-11-15 07:21:10','2018-11-15 07:21:10',1,'2018-11-15 07:21:10',NULL,'2018-11-15 07:21:10',NULL),(136,2,36,NULL,NULL,NULL,NULL,NULL,'2018-11-15 07:21:10',NULL,'2018-11-15 07:21:10','2018-11-15 07:21:10',1,'2018-11-15 07:21:10',NULL,'2018-11-15 07:21:10',NULL),(137,2,37,NULL,NULL,NULL,NULL,NULL,'2018-11-15 07:21:10',NULL,'2018-11-15 07:21:10','2018-11-15 07:21:10',1,'2018-11-15 07:21:10',NULL,'2018-11-15 07:21:10',NULL),(138,2,38,NULL,NULL,NULL,NULL,NULL,'2018-11-15 07:21:10',NULL,'2018-11-15 07:21:10','2018-11-15 07:21:10',1,'2018-11-15 07:21:10',NULL,'2018-11-15 07:21:10',NULL),(139,2,39,NULL,NULL,NULL,NULL,NULL,'2018-11-15 07:21:10',NULL,'2018-11-15 07:21:10','2018-11-15 07:21:10',1,'2018-11-15 07:21:10',NULL,'2018-11-15 07:21:10',NULL),(140,2,40,NULL,NULL,NULL,NULL,NULL,'2018-11-15 07:21:10',NULL,'2018-11-15 07:21:10','2018-11-15 07:21:10',1,'2018-11-15 07:21:10',NULL,'2018-11-15 07:21:10',NULL),(141,2,41,NULL,NULL,NULL,NULL,NULL,'2018-11-15 07:21:10',NULL,'2018-11-15 07:21:10','2018-11-15 07:21:10',1,'2018-11-15 07:21:10',NULL,'2018-11-15 07:21:10',NULL),(142,2,42,NULL,NULL,NULL,NULL,NULL,'2018-11-15 07:21:10',NULL,'2018-11-15 07:21:10','2018-11-15 07:21:10',1,'2018-11-15 07:21:10',NULL,'2018-11-15 07:21:10',NULL),(143,2,43,NULL,NULL,NULL,NULL,NULL,'2018-11-15 07:21:10',NULL,'2018-11-15 07:21:10','2018-11-15 07:21:10',1,'2018-11-15 07:21:10',NULL,'2018-11-15 07:21:10',NULL),(144,2,44,NULL,NULL,NULL,NULL,NULL,'2018-11-15 07:21:10',NULL,'2018-11-15 07:21:10','2018-11-15 07:21:10',1,'2018-11-15 07:21:10',NULL,'2018-11-15 07:21:10',NULL),(145,2,45,NULL,NULL,NULL,NULL,NULL,'2018-11-15 07:21:10',NULL,'2018-11-15 07:21:10','2018-11-15 07:21:10',1,'2018-11-15 07:21:10',NULL,'2018-11-15 07:21:10',NULL),(146,2,46,NULL,NULL,NULL,NULL,NULL,'2018-11-15 07:21:10',NULL,'2018-11-15 07:21:10','2018-11-15 07:21:10',1,'2018-11-15 07:21:10',NULL,'2018-11-15 07:21:10',NULL),(147,2,47,NULL,NULL,NULL,NULL,NULL,'2018-11-15 07:21:10',NULL,'2018-11-15 07:21:10','2018-11-15 07:21:10',1,'2018-11-15 07:21:10',NULL,'2018-11-15 07:21:10',NULL),(148,2,48,NULL,NULL,NULL,NULL,NULL,'2018-11-15 07:21:10',NULL,'2018-11-15 07:21:10','2018-11-15 07:21:10',1,'2018-11-15 07:21:10',NULL,'2018-11-15 07:21:10',NULL),(149,2,49,NULL,NULL,NULL,NULL,NULL,'2018-11-15 07:21:10',NULL,'2018-11-15 07:21:10','2018-11-15 07:21:10',1,'2018-11-15 07:21:10',NULL,'2018-11-15 07:21:10',NULL),(150,2,50,NULL,NULL,NULL,NULL,NULL,'2018-11-15 07:21:10',NULL,'2018-11-15 07:21:10','2018-11-15 07:21:10',1,'2018-11-15 07:21:10',NULL,'2018-11-15 07:21:10',NULL),(151,2,51,NULL,NULL,NULL,NULL,NULL,'2018-11-15 07:21:10',NULL,'2018-11-15 07:21:10','2018-11-15 07:21:10',1,'2018-11-15 07:21:10',NULL,'2018-11-15 07:21:10',NULL),(152,2,52,NULL,NULL,NULL,NULL,NULL,'2018-11-15 07:21:10',NULL,'2018-11-15 07:21:10','2018-11-15 07:21:10',1,'2018-11-15 07:21:10',NULL,'2018-11-15 07:21:10',NULL),(153,2,53,NULL,NULL,NULL,NULL,NULL,'2018-11-15 07:21:10',NULL,'2018-11-15 07:21:10','2018-11-15 07:21:10',1,'2018-11-15 07:21:10',NULL,'2018-11-15 07:21:10',NULL),(154,2,54,NULL,NULL,NULL,NULL,NULL,'2018-11-15 07:21:10',NULL,'2018-11-15 07:21:10','2018-11-15 07:21:10',1,'2018-11-15 07:21:10',NULL,'2018-11-15 07:21:10',NULL),(155,2,55,NULL,NULL,NULL,NULL,NULL,'2018-11-15 07:21:10',NULL,'2018-11-15 07:21:10','2018-11-15 07:21:10',1,'2018-11-15 07:21:10',NULL,'2018-11-15 07:21:10',NULL),(156,2,56,NULL,NULL,NULL,NULL,NULL,'2018-11-15 07:21:10',NULL,'2018-11-15 07:21:10','2018-11-15 07:21:10',1,'2018-11-15 07:21:10',NULL,'2018-11-15 07:21:10',NULL),(157,2,57,NULL,NULL,NULL,NULL,NULL,'2018-11-15 07:21:10',NULL,'2018-11-15 07:21:10','2018-11-15 07:21:10',1,'2018-11-15 07:21:10',NULL,'2018-11-15 07:21:10',NULL),(158,2,58,NULL,NULL,NULL,NULL,NULL,'2018-11-15 07:21:10',NULL,'2018-11-15 07:21:10','2018-11-15 07:21:10',1,'2018-11-15 07:21:10',NULL,'2018-11-15 07:21:10',NULL),(159,2,59,NULL,NULL,NULL,NULL,NULL,'2018-11-15 07:21:10',NULL,'2018-11-15 07:21:10','2018-11-15 07:21:10',1,'2018-11-15 07:21:10',NULL,'2018-11-15 07:21:10',NULL),(160,2,60,NULL,NULL,NULL,NULL,NULL,'2018-11-15 07:21:10',NULL,'2018-11-15 07:21:10','2018-11-15 07:21:10',1,'2018-11-15 07:21:10',NULL,'2018-11-15 07:21:10',NULL),(161,2,61,NULL,NULL,NULL,NULL,NULL,'2018-11-15 07:21:10',NULL,'2018-11-15 07:21:10','2018-11-15 07:21:10',1,'2018-11-15 07:21:10',NULL,'2018-11-15 07:21:10',NULL),(162,2,62,NULL,NULL,NULL,NULL,NULL,'2018-11-15 07:21:10',NULL,'2018-11-15 07:21:10','2018-11-15 07:21:10',1,'2018-11-15 07:21:10',NULL,'2018-11-15 07:21:10',NULL),(163,2,63,NULL,NULL,NULL,NULL,NULL,'2018-11-15 07:21:10',NULL,'2018-11-15 07:21:10','2018-11-15 07:21:10',1,'2018-11-15 07:21:10',NULL,'2018-11-15 07:21:10',NULL),(164,2,64,NULL,NULL,NULL,NULL,NULL,'2018-11-15 07:21:10',NULL,'2018-11-15 07:21:10','2018-11-15 07:21:10',1,'2018-11-15 07:21:10',NULL,'2018-11-15 07:21:10',NULL),(165,2,65,NULL,NULL,NULL,NULL,NULL,'2018-11-15 07:21:10',NULL,'2018-11-15 07:21:10','2018-11-15 07:21:10',1,'2018-11-15 07:21:10',NULL,'2018-11-15 07:21:10',NULL),(166,2,66,NULL,NULL,NULL,NULL,NULL,'2018-11-15 07:21:10',NULL,'2018-11-15 07:21:10','2018-11-15 07:21:10',1,'2018-11-15 07:21:10',NULL,'2018-11-15 07:21:10',NULL),(167,2,68,NULL,NULL,NULL,NULL,NULL,'2018-11-15 07:21:10',NULL,'2018-11-15 07:21:10','2018-11-15 07:21:10',1,'2018-11-15 07:21:10',NULL,'2018-11-15 07:21:10',NULL),(168,2,69,NULL,NULL,NULL,NULL,NULL,'2018-11-15 07:21:10',NULL,'2018-11-15 07:21:10','2018-11-15 07:21:10',1,'2018-11-15 07:21:10',NULL,'2018-11-15 07:21:10',NULL),(169,2,70,NULL,NULL,NULL,NULL,NULL,'2018-11-15 07:21:10',NULL,'2018-11-15 07:21:10','2018-11-15 07:21:10',1,'2018-11-15 07:21:10',NULL,'2018-11-15 07:21:10',NULL),(170,2,71,NULL,NULL,NULL,NULL,NULL,'2018-11-15 07:21:10',NULL,'2018-11-15 07:21:10','2018-11-15 07:21:10',1,'2018-11-15 07:21:10',NULL,'2018-11-15 07:21:10',NULL),(171,2,72,NULL,NULL,NULL,NULL,NULL,'2018-11-15 07:21:10',NULL,'2018-11-15 07:21:10','2018-11-15 07:21:10',1,'2018-11-15 07:21:10',NULL,'2018-11-15 07:21:10',NULL),(172,2,73,NULL,NULL,NULL,NULL,NULL,'2018-11-15 07:21:10',NULL,'2018-11-15 07:21:10','2018-11-15 07:21:10',1,'2018-11-15 07:21:10',NULL,'2018-11-15 07:21:10',NULL),(173,2,74,NULL,NULL,NULL,NULL,NULL,'2018-11-15 07:21:10',NULL,'2018-11-15 07:21:10','2018-11-15 07:21:10',1,'2018-11-15 07:21:10',NULL,'2018-11-15 07:21:10',NULL),(174,2,75,NULL,NULL,NULL,NULL,NULL,'2018-11-15 07:21:10',NULL,'2018-11-15 07:21:10','2018-11-15 07:21:10',1,'2018-11-15 07:21:10',NULL,'2018-11-15 07:21:10',NULL),(175,2,76,NULL,NULL,NULL,NULL,NULL,'2018-11-15 07:21:10',NULL,'2018-11-15 07:21:10','2018-11-15 07:21:10',1,'2018-11-15 07:21:10',NULL,'2018-11-15 07:21:10',NULL),(176,2,77,NULL,NULL,NULL,NULL,NULL,'2018-11-15 07:21:10',NULL,'2018-11-15 07:21:10','2018-11-15 07:21:10',1,'2018-11-15 07:21:10',NULL,'2018-11-15 07:21:10',NULL),(177,2,78,NULL,NULL,NULL,NULL,NULL,'2018-11-15 07:21:10',NULL,'2018-11-15 07:21:10','2018-11-15 07:21:10',1,'2018-11-15 07:21:10',NULL,'2018-11-15 07:21:10',NULL),(178,2,79,NULL,NULL,NULL,NULL,NULL,'2018-11-15 07:21:10',NULL,'2018-11-15 07:21:10','2018-11-15 07:21:10',1,'2018-11-15 07:21:10',NULL,'2018-11-15 07:21:10',NULL),(179,2,80,NULL,NULL,NULL,NULL,NULL,'2018-11-15 07:21:10',NULL,'2018-11-15 07:21:10','2018-11-15 07:21:10',1,'2018-11-15 07:21:10',NULL,'2018-11-15 07:21:10',NULL),(180,2,81,NULL,NULL,NULL,NULL,NULL,'2018-11-15 07:21:10',NULL,'2018-11-15 07:21:10','2018-11-15 07:21:10',1,'2018-11-15 07:21:10',NULL,'2018-11-15 07:21:10',NULL),(181,2,82,NULL,NULL,NULL,NULL,NULL,'2018-11-15 07:21:10',NULL,'2018-11-15 07:21:10','2018-11-15 07:21:10',1,'2018-11-15 07:21:10',NULL,'2018-11-15 07:21:10',NULL),(182,2,83,NULL,NULL,NULL,NULL,NULL,'2018-11-15 07:21:10',NULL,'2018-11-15 07:21:10','2018-11-15 07:21:10',1,'2018-11-15 07:21:10',NULL,'2018-11-15 07:21:10',NULL),(183,2,85,NULL,NULL,NULL,NULL,NULL,'2018-11-15 07:21:10',NULL,'2018-11-15 07:21:10','2018-11-15 07:21:10',1,'2018-11-15 07:21:10',NULL,'2018-11-15 07:21:10',NULL),(184,2,87,NULL,NULL,NULL,NULL,NULL,'2018-11-15 07:21:10',NULL,'2018-11-15 07:21:10','2018-11-15 07:21:10',1,'2018-11-15 07:21:10',NULL,'2018-11-15 07:21:10',NULL),(185,2,89,NULL,NULL,NULL,NULL,NULL,'2018-11-15 07:21:10',NULL,'2018-11-15 07:21:10','2018-11-15 07:21:10',1,'2018-11-15 07:21:10',NULL,'2018-11-15 07:21:10',NULL),(186,2,91,NULL,NULL,NULL,NULL,NULL,'2018-11-15 07:21:11',NULL,'2018-11-15 07:21:11','2018-11-15 07:21:11',1,'2018-11-15 07:21:11',NULL,'2018-11-15 07:21:11',NULL),(187,2,93,NULL,NULL,NULL,NULL,NULL,'2018-11-15 07:21:11',NULL,'2018-11-15 07:21:11','2018-11-15 07:21:11',1,'2018-11-15 07:21:11',NULL,'2018-11-15 07:21:11',NULL),(188,2,95,NULL,NULL,NULL,NULL,NULL,'2018-11-15 07:21:11',NULL,'2018-11-15 07:21:11','2018-11-15 07:21:11',1,'2018-11-15 07:21:11',NULL,'2018-11-15 07:21:11',NULL),(189,2,97,NULL,NULL,NULL,NULL,NULL,'2018-11-15 07:21:11',NULL,'2018-11-15 07:21:11','2018-11-15 07:21:11',1,'2018-11-15 07:21:11',NULL,'2018-11-15 07:21:11',NULL),(190,2,99,NULL,NULL,NULL,NULL,NULL,'2018-11-15 07:21:11',NULL,'2018-11-15 07:21:11','2018-11-15 07:21:11',1,'2018-11-15 07:21:11',NULL,'2018-11-15 07:21:11',NULL),(191,2,101,NULL,NULL,NULL,NULL,NULL,'2018-11-15 07:21:11',NULL,'2018-11-15 07:21:11','2018-11-15 07:21:11',1,'2018-11-15 07:21:11',NULL,'2018-11-15 07:21:11',NULL),(192,2,103,NULL,NULL,NULL,NULL,NULL,'2018-11-15 07:21:11',NULL,'2018-11-15 07:21:11','2018-11-15 07:21:11',1,'2018-11-15 07:21:11',NULL,'2018-11-15 07:21:11',NULL),(193,2,105,NULL,NULL,NULL,NULL,NULL,'2018-11-15 07:21:11',NULL,'2018-11-15 07:21:11','2018-11-15 07:21:11',1,'2018-11-15 07:21:11',NULL,'2018-11-15 07:21:11',NULL),(194,2,106,NULL,NULL,NULL,NULL,NULL,'2018-11-15 07:21:11',NULL,'2018-11-15 07:21:11','2018-11-15 07:21:11',1,'2018-11-15 07:21:11',NULL,'2018-11-15 07:21:11',NULL),(195,2,107,NULL,NULL,NULL,NULL,NULL,'2018-11-15 07:21:11',NULL,'2018-11-15 07:21:11','2018-11-15 07:21:11',1,'2018-11-15 07:21:11',NULL,'2018-11-15 07:21:11',NULL),(196,2,108,NULL,NULL,NULL,NULL,NULL,'2018-11-15 07:21:11',NULL,'2018-11-15 07:21:11','2018-11-15 07:21:11',1,'2018-11-15 07:21:11',NULL,'2018-11-15 07:21:11',NULL),(197,2,109,NULL,NULL,NULL,NULL,NULL,'2018-11-15 07:21:11',NULL,'2018-11-15 07:21:11','2018-11-15 07:21:11',1,'2018-11-15 07:21:11',NULL,'2018-11-15 07:21:11',NULL),(198,2,110,NULL,NULL,NULL,NULL,NULL,'2018-11-15 07:21:11',NULL,'2018-11-15 07:21:11','2018-11-15 07:21:11',1,'2018-11-15 07:21:11',NULL,'2018-11-15 07:21:11',NULL),(199,2,111,NULL,NULL,NULL,NULL,NULL,'2018-11-15 07:21:11',NULL,'2018-11-15 07:21:11','2018-11-15 07:21:11',1,'2018-11-15 07:21:11',NULL,'2018-11-15 07:21:11',NULL),(200,2,112,NULL,NULL,NULL,NULL,NULL,'2018-11-15 07:21:11',NULL,'2018-11-15 07:21:11','2018-11-15 07:21:11',1,'2018-11-15 07:21:11',NULL,'2018-11-15 07:21:11',NULL),(201,3,1,NULL,NULL,NULL,NULL,NULL,'2018-11-15 08:09:46',NULL,'2018-11-15 08:09:46','2018-11-15 08:09:46',1,'2018-11-15 08:09:46',NULL,'2018-11-15 08:09:46',NULL),(202,3,2,NULL,NULL,NULL,NULL,NULL,'2018-11-15 08:09:46',NULL,'2018-11-15 08:09:46','2018-11-15 08:09:46',1,'2018-11-15 08:09:46',NULL,'2018-11-15 08:09:46',NULL),(203,3,3,NULL,NULL,NULL,NULL,NULL,'2018-11-15 08:09:46',NULL,'2018-11-15 08:09:46','2018-11-15 08:09:46',1,'2018-11-15 08:09:46',NULL,'2018-11-15 08:09:46',NULL),(204,3,4,NULL,NULL,NULL,NULL,NULL,'2018-11-15 08:09:46',NULL,'2018-11-15 08:09:46','2018-11-15 08:09:46',1,'2018-11-15 08:09:46',NULL,'2018-11-15 08:09:46',NULL),(205,3,5,NULL,NULL,NULL,NULL,NULL,'2018-11-15 08:09:46',NULL,'2018-11-15 08:09:46','2018-11-15 08:09:46',1,'2018-11-15 08:09:46',NULL,'2018-11-15 08:09:46',NULL),(206,3,6,NULL,NULL,NULL,NULL,NULL,'2018-11-15 08:09:46',NULL,'2018-11-15 08:09:46','2018-11-15 08:09:46',1,'2018-11-15 08:09:46',NULL,'2018-11-15 08:09:46',NULL),(207,3,7,NULL,NULL,NULL,NULL,NULL,'2018-11-15 08:09:46',NULL,'2018-11-15 08:09:46','2018-11-15 08:09:46',1,'2018-11-15 08:09:46',NULL,'2018-11-15 08:09:46',NULL),(208,3,8,NULL,NULL,NULL,NULL,NULL,'2018-11-15 08:09:46',NULL,'2018-11-15 08:09:46','2018-11-15 08:09:46',1,'2018-11-15 08:09:46',NULL,'2018-11-15 08:09:46',NULL),(209,3,9,NULL,NULL,NULL,NULL,NULL,'2018-11-15 08:09:46',NULL,'2018-11-15 08:09:46','2018-11-15 08:09:46',1,'2018-11-15 08:09:46',NULL,'2018-11-15 08:09:46',NULL),(210,3,10,NULL,NULL,NULL,NULL,NULL,'2018-11-15 08:09:46',NULL,'2018-11-15 08:09:46','2018-11-15 08:09:46',1,'2018-11-15 08:09:46',NULL,'2018-11-15 08:09:46',NULL),(211,3,11,NULL,NULL,NULL,NULL,NULL,'2018-11-15 08:09:46',NULL,'2018-11-15 08:09:46','2018-11-15 08:09:46',1,'2018-11-15 08:09:46',NULL,'2018-11-15 08:09:46',NULL),(212,3,12,NULL,NULL,NULL,NULL,NULL,'2018-11-15 08:09:46',NULL,'2018-11-15 08:09:46','2018-11-15 08:09:46',1,'2018-11-15 08:09:46',NULL,'2018-11-15 08:09:46',NULL),(213,3,13,NULL,NULL,NULL,NULL,NULL,'2018-11-15 08:09:46',NULL,'2018-11-15 08:09:46','2018-11-15 08:09:46',1,'2018-11-15 08:09:46',NULL,'2018-11-15 08:09:46',NULL),(214,3,14,NULL,NULL,NULL,NULL,NULL,'2018-11-15 08:09:46',NULL,'2018-11-15 08:09:46','2018-11-15 08:09:46',1,'2018-11-15 08:09:46',NULL,'2018-11-15 08:09:46',NULL),(215,3,15,NULL,NULL,NULL,NULL,NULL,'2018-11-15 08:09:46',NULL,'2018-11-15 08:09:46','2018-11-15 08:09:46',1,'2018-11-15 08:09:46',NULL,'2018-11-15 08:09:46',NULL),(216,3,16,NULL,NULL,NULL,NULL,NULL,'2018-11-15 08:09:46',NULL,'2018-11-15 08:09:46','2018-11-15 08:09:46',1,'2018-11-15 08:09:46',NULL,'2018-11-15 08:09:46',NULL),(217,3,17,NULL,NULL,NULL,NULL,NULL,'2018-11-15 08:09:46',NULL,'2018-11-15 08:09:46','2018-11-15 08:09:46',1,'2018-11-15 08:09:46',NULL,'2018-11-15 08:09:46',NULL),(218,3,18,NULL,NULL,NULL,NULL,NULL,'2018-11-15 08:09:46',NULL,'2018-11-15 08:09:46','2018-11-15 08:09:46',1,'2018-11-15 08:09:46',NULL,'2018-11-15 08:09:46',NULL),(219,3,19,NULL,NULL,NULL,NULL,NULL,'2018-11-15 08:09:46',NULL,'2018-11-15 08:09:46','2018-11-15 08:09:46',1,'2018-11-15 08:09:46',NULL,'2018-11-15 08:09:46',NULL),(220,3,20,NULL,NULL,NULL,NULL,NULL,'2018-11-15 08:09:46',NULL,'2018-11-15 08:09:46','2018-11-15 08:09:46',1,'2018-11-15 08:09:46',NULL,'2018-11-15 08:09:46',NULL),(221,3,21,NULL,NULL,NULL,NULL,NULL,'2018-11-15 08:09:46',NULL,'2018-11-15 08:09:46','2018-11-15 08:09:46',1,'2018-11-15 08:09:46',NULL,'2018-11-15 08:09:46',NULL),(222,3,22,NULL,NULL,NULL,NULL,NULL,'2018-11-15 08:09:46',NULL,'2018-11-15 08:09:46','2018-11-15 08:09:46',1,'2018-11-15 08:09:46',NULL,'2018-11-15 08:09:46',NULL),(223,3,23,NULL,NULL,NULL,NULL,NULL,'2018-11-15 08:09:46',NULL,'2018-11-15 08:09:46','2018-11-15 08:09:46',1,'2018-11-15 08:09:46',NULL,'2018-11-15 08:09:46',NULL),(224,3,24,NULL,NULL,NULL,NULL,NULL,'2018-11-15 08:09:46',NULL,'2018-11-15 08:09:46','2018-11-15 08:09:46',1,'2018-11-15 08:09:46',NULL,'2018-11-15 08:09:46',NULL),(225,3,25,NULL,NULL,NULL,NULL,NULL,'2018-11-15 08:09:46',NULL,'2018-11-15 08:09:46','2018-11-15 08:09:46',1,'2018-11-15 08:09:46',NULL,'2018-11-15 08:09:46',NULL),(226,3,26,NULL,NULL,NULL,NULL,NULL,'2018-11-15 08:09:46',NULL,'2018-11-15 08:09:46','2018-11-15 08:09:46',1,'2018-11-15 08:09:46',NULL,'2018-11-15 08:09:46',NULL),(227,3,27,NULL,NULL,NULL,NULL,NULL,'2018-11-15 08:09:46',NULL,'2018-11-15 08:09:46','2018-11-15 08:09:46',1,'2018-11-15 08:09:46',NULL,'2018-11-15 08:09:46',NULL),(228,3,28,NULL,NULL,NULL,NULL,NULL,'2018-11-15 08:09:46',NULL,'2018-11-15 08:09:46','2018-11-15 08:09:46',1,'2018-11-15 08:09:46',NULL,'2018-11-15 08:09:46',NULL),(229,3,29,NULL,NULL,NULL,NULL,NULL,'2018-11-15 08:09:46',NULL,'2018-11-15 08:09:46','2018-11-15 08:09:46',1,'2018-11-15 08:09:46',NULL,'2018-11-15 08:09:46',NULL),(230,3,30,NULL,NULL,NULL,NULL,NULL,'2018-11-15 08:09:46',NULL,'2018-11-15 08:09:46','2018-11-15 08:09:46',1,'2018-11-15 08:09:46',NULL,'2018-11-15 08:09:46',NULL),(231,3,31,NULL,NULL,NULL,NULL,NULL,'2018-11-15 08:09:46',NULL,'2018-11-15 08:09:46','2018-11-15 08:09:46',1,'2018-11-15 08:09:46',NULL,'2018-11-15 08:09:46',NULL),(232,3,32,NULL,NULL,NULL,NULL,NULL,'2018-11-15 08:09:46',NULL,'2018-11-15 08:09:46','2018-11-15 08:09:46',1,'2018-11-15 08:09:46',NULL,'2018-11-15 08:09:46',NULL),(233,3,33,NULL,NULL,NULL,NULL,NULL,'2018-11-15 08:09:46',NULL,'2018-11-15 08:09:46','2018-11-15 08:09:46',1,'2018-11-15 08:09:46',NULL,'2018-11-15 08:09:46',NULL),(234,3,34,NULL,NULL,NULL,NULL,NULL,'2018-11-15 08:09:46',NULL,'2018-11-15 08:09:46','2018-11-15 08:09:46',1,'2018-11-15 08:09:46',NULL,'2018-11-15 08:09:46',NULL),(235,3,35,NULL,NULL,NULL,NULL,NULL,'2018-11-15 08:09:46',NULL,'2018-11-15 08:09:46','2018-11-15 08:09:46',1,'2018-11-15 08:09:46',NULL,'2018-11-15 08:09:46',NULL),(236,3,36,NULL,NULL,NULL,NULL,NULL,'2018-11-15 08:09:46',NULL,'2018-11-15 08:09:46','2018-11-15 08:09:46',1,'2018-11-15 08:09:46',NULL,'2018-11-15 08:09:46',NULL),(237,3,37,NULL,NULL,NULL,NULL,NULL,'2018-11-15 08:09:46',NULL,'2018-11-15 08:09:46','2018-11-15 08:09:46',1,'2018-11-15 08:09:46',NULL,'2018-11-15 08:09:46',NULL),(238,3,38,NULL,NULL,NULL,NULL,NULL,'2018-11-15 08:09:46',NULL,'2018-11-15 08:09:46','2018-11-15 08:09:46',1,'2018-11-15 08:09:46',NULL,'2018-11-15 08:09:46',NULL),(239,3,39,NULL,NULL,NULL,NULL,NULL,'2018-11-15 08:09:46',NULL,'2018-11-15 08:09:46','2018-11-15 08:09:46',1,'2018-11-15 08:09:46',NULL,'2018-11-15 08:09:46',NULL),(240,3,40,NULL,NULL,NULL,NULL,NULL,'2018-11-15 08:09:46',NULL,'2018-11-15 08:09:46','2018-11-15 08:09:46',1,'2018-11-15 08:09:46',NULL,'2018-11-15 08:09:46',NULL),(241,3,41,NULL,NULL,NULL,NULL,NULL,'2018-11-15 08:09:46',NULL,'2018-11-15 08:09:46','2018-11-15 08:09:46',1,'2018-11-15 08:09:46',NULL,'2018-11-15 08:09:46',NULL),(242,3,42,NULL,NULL,NULL,NULL,NULL,'2018-11-15 08:09:46',NULL,'2018-11-15 08:09:46','2018-11-15 08:09:46',1,'2018-11-15 08:09:46',NULL,'2018-11-15 08:09:46',NULL),(243,3,43,NULL,NULL,NULL,NULL,NULL,'2018-11-15 08:09:46',NULL,'2018-11-15 08:09:46','2018-11-15 08:09:46',1,'2018-11-15 08:09:46',NULL,'2018-11-15 08:09:46',NULL),(244,3,44,NULL,NULL,NULL,NULL,NULL,'2018-11-15 08:09:46',NULL,'2018-11-15 08:09:46','2018-11-15 08:09:46',1,'2018-11-15 08:09:46',NULL,'2018-11-15 08:09:46',NULL),(245,3,45,NULL,NULL,NULL,NULL,NULL,'2018-11-15 08:09:46',NULL,'2018-11-15 08:09:46','2018-11-15 08:09:46',1,'2018-11-15 08:09:46',NULL,'2018-11-15 08:09:46',NULL),(246,3,46,NULL,NULL,NULL,NULL,NULL,'2018-11-15 08:09:46',NULL,'2018-11-15 08:09:46','2018-11-15 08:09:46',1,'2018-11-15 08:09:46',NULL,'2018-11-15 08:09:46',NULL),(247,3,47,NULL,NULL,NULL,NULL,NULL,'2018-11-15 08:09:46',NULL,'2018-11-15 08:09:46','2018-11-15 08:09:46',1,'2018-11-15 08:09:46',NULL,'2018-11-15 08:09:46',NULL),(248,3,48,NULL,NULL,NULL,NULL,NULL,'2018-11-15 08:09:46',NULL,'2018-11-15 08:09:46','2018-11-15 08:09:46',1,'2018-11-15 08:09:46',NULL,'2018-11-15 08:09:46',NULL),(249,3,49,NULL,NULL,NULL,NULL,NULL,'2018-11-15 08:09:46',NULL,'2018-11-15 08:09:46','2018-11-15 08:09:46',1,'2018-11-15 08:09:46',NULL,'2018-11-15 08:09:46',NULL),(250,3,50,NULL,NULL,NULL,NULL,NULL,'2018-11-15 08:09:46',NULL,'2018-11-15 08:09:46','2018-11-15 08:09:46',1,'2018-11-15 08:09:46',NULL,'2018-11-15 08:09:46',NULL),(251,3,51,NULL,NULL,NULL,NULL,NULL,'2018-11-15 08:09:46',NULL,'2018-11-15 08:09:46','2018-11-15 08:09:46',1,'2018-11-15 08:09:46',NULL,'2018-11-15 08:09:46',NULL),(252,3,52,NULL,NULL,NULL,NULL,NULL,'2018-11-15 08:09:46',NULL,'2018-11-15 08:09:46','2018-11-15 08:09:46',1,'2018-11-15 08:09:46',NULL,'2018-11-15 08:09:46',NULL),(253,3,53,NULL,NULL,NULL,NULL,NULL,'2018-11-15 08:09:46',NULL,'2018-11-15 08:09:46','2018-11-15 08:09:46',1,'2018-11-15 08:09:46',NULL,'2018-11-15 08:09:46',NULL),(254,3,54,NULL,NULL,NULL,NULL,NULL,'2018-11-15 08:09:46',NULL,'2018-11-15 08:09:46','2018-11-15 08:09:46',1,'2018-11-15 08:09:46',NULL,'2018-11-15 08:09:46',NULL),(255,3,55,NULL,NULL,NULL,NULL,NULL,'2018-11-15 08:09:46',NULL,'2018-11-15 08:09:46','2018-11-15 08:09:46',1,'2018-11-15 08:09:46',NULL,'2018-11-15 08:09:46',NULL),(256,3,56,NULL,NULL,NULL,NULL,NULL,'2018-11-15 08:09:46',NULL,'2018-11-15 08:09:46','2018-11-15 08:09:46',1,'2018-11-15 08:09:46',NULL,'2018-11-15 08:09:46',NULL),(257,3,57,NULL,NULL,NULL,NULL,NULL,'2018-11-15 08:09:46',NULL,'2018-11-15 08:09:46','2018-11-15 08:09:46',1,'2018-11-15 08:09:46',NULL,'2018-11-15 08:09:46',NULL),(258,3,58,NULL,NULL,NULL,NULL,NULL,'2018-11-15 08:09:46',NULL,'2018-11-15 08:09:46','2018-11-15 08:09:46',1,'2018-11-15 08:09:46',NULL,'2018-11-15 08:09:46',NULL),(259,3,59,NULL,NULL,NULL,NULL,NULL,'2018-11-15 08:09:46',NULL,'2018-11-15 08:09:46','2018-11-15 08:09:46',1,'2018-11-15 08:09:46',NULL,'2018-11-15 08:09:46',NULL),(260,3,60,NULL,NULL,NULL,NULL,NULL,'2018-11-15 08:09:46',NULL,'2018-11-15 08:09:46','2018-11-15 08:09:46',1,'2018-11-15 08:09:46',NULL,'2018-11-15 08:09:46',NULL),(261,3,61,NULL,NULL,NULL,NULL,NULL,'2018-11-15 08:09:46',NULL,'2018-11-15 08:09:46','2018-11-15 08:09:46',1,'2018-11-15 08:09:46',NULL,'2018-11-15 08:09:46',NULL),(262,3,62,NULL,NULL,NULL,NULL,NULL,'2018-11-15 08:09:46',NULL,'2018-11-15 08:09:46','2018-11-15 08:09:46',1,'2018-11-15 08:09:46',NULL,'2018-11-15 08:09:46',NULL),(263,3,63,NULL,NULL,NULL,NULL,NULL,'2018-11-15 08:09:47',NULL,'2018-11-15 08:09:47','2018-11-15 08:09:47',1,'2018-11-15 08:09:47',NULL,'2018-11-15 08:09:47',NULL),(264,3,64,NULL,NULL,NULL,NULL,NULL,'2018-11-15 08:09:47',NULL,'2018-11-15 08:09:47','2018-11-15 08:09:47',1,'2018-11-15 08:09:47',NULL,'2018-11-15 08:09:47',NULL),(265,3,65,NULL,NULL,NULL,NULL,NULL,'2018-11-15 08:09:47',NULL,'2018-11-15 08:09:47','2018-11-15 08:09:47',1,'2018-11-15 08:09:47',NULL,'2018-11-15 08:09:47',NULL),(266,3,66,NULL,NULL,NULL,NULL,NULL,'2018-11-15 08:09:47',NULL,'2018-11-15 08:09:47','2018-11-15 08:09:47',1,'2018-11-15 08:09:47',NULL,'2018-11-15 08:09:47',NULL),(267,3,68,NULL,NULL,NULL,NULL,NULL,'2018-11-15 08:09:47',NULL,'2018-11-15 08:09:47','2018-11-15 08:09:47',1,'2018-11-15 08:09:47',NULL,'2018-11-15 08:09:47',NULL),(268,3,69,NULL,NULL,NULL,NULL,NULL,'2018-11-15 08:09:47',NULL,'2018-11-15 08:09:47','2018-11-15 08:09:47',1,'2018-11-15 08:09:47',NULL,'2018-11-15 08:09:47',NULL),(269,3,70,NULL,NULL,NULL,NULL,NULL,'2018-11-15 08:09:47',NULL,'2018-11-15 08:09:47','2018-11-15 08:09:47',1,'2018-11-15 08:09:47',NULL,'2018-11-15 08:09:47',NULL),(270,3,71,NULL,NULL,NULL,NULL,NULL,'2018-11-15 08:09:47',NULL,'2018-11-15 08:09:47','2018-11-15 08:09:47',1,'2018-11-15 08:09:47',NULL,'2018-11-15 08:09:47',NULL),(271,3,72,NULL,NULL,NULL,NULL,NULL,'2018-11-15 08:09:47',NULL,'2018-11-15 08:09:47','2018-11-15 08:09:47',1,'2018-11-15 08:09:47',NULL,'2018-11-15 08:09:47',NULL),(272,3,73,NULL,NULL,NULL,NULL,NULL,'2018-11-15 08:09:47',NULL,'2018-11-15 08:09:47','2018-11-15 08:09:47',1,'2018-11-15 08:09:47',NULL,'2018-11-15 08:09:47',NULL),(273,3,74,NULL,NULL,NULL,NULL,NULL,'2018-11-15 08:09:47',NULL,'2018-11-15 08:09:47','2018-11-15 08:09:47',1,'2018-11-15 08:09:47',NULL,'2018-11-15 08:09:47',NULL),(274,3,75,NULL,NULL,NULL,NULL,NULL,'2018-11-15 08:09:47',NULL,'2018-11-15 08:09:47','2018-11-15 08:09:47',1,'2018-11-15 08:09:47',NULL,'2018-11-15 08:09:47',NULL),(275,3,76,NULL,NULL,NULL,NULL,NULL,'2018-11-15 08:09:47',NULL,'2018-11-15 08:09:47','2018-11-15 08:09:47',1,'2018-11-15 08:09:47',NULL,'2018-11-15 08:09:47',NULL),(276,3,77,NULL,NULL,NULL,NULL,NULL,'2018-11-15 08:09:47',NULL,'2018-11-15 08:09:47','2018-11-15 08:09:47',1,'2018-11-15 08:09:47',NULL,'2018-11-15 08:09:47',NULL),(277,3,78,NULL,NULL,NULL,NULL,NULL,'2018-11-15 08:09:47',NULL,'2018-11-15 08:09:47','2018-11-15 08:09:47',1,'2018-11-15 08:09:47',NULL,'2018-11-15 08:09:47',NULL),(278,3,79,NULL,NULL,NULL,NULL,NULL,'2018-11-15 08:09:47',NULL,'2018-11-15 08:09:47','2018-11-15 08:09:47',1,'2018-11-15 08:09:47',NULL,'2018-11-15 08:09:47',NULL),(279,3,80,NULL,NULL,NULL,NULL,NULL,'2018-11-15 08:09:47',NULL,'2018-11-15 08:09:47','2018-11-15 08:09:47',1,'2018-11-15 08:09:47',NULL,'2018-11-15 08:09:47',NULL),(280,3,81,NULL,NULL,NULL,NULL,NULL,'2018-11-15 08:09:47',NULL,'2018-11-15 08:09:47','2018-11-15 08:09:47',1,'2018-11-15 08:09:47',NULL,'2018-11-15 08:09:47',NULL),(281,3,82,NULL,NULL,NULL,NULL,NULL,'2018-11-15 08:09:47',NULL,'2018-11-15 08:09:47','2018-11-15 08:09:47',1,'2018-11-15 08:09:47',NULL,'2018-11-15 08:09:47',NULL),(282,3,83,NULL,NULL,NULL,NULL,NULL,'2018-11-15 08:09:47',NULL,'2018-11-15 08:09:47','2018-11-15 08:09:47',1,'2018-11-15 08:09:47',NULL,'2018-11-15 08:09:47',NULL),(283,3,85,NULL,NULL,NULL,NULL,NULL,'2018-11-15 08:09:47',NULL,'2018-11-15 08:09:47','2018-11-15 08:09:47',1,'2018-11-15 08:09:47',NULL,'2018-11-15 08:09:47',NULL),(284,3,87,NULL,NULL,NULL,NULL,NULL,'2018-11-15 08:09:47',NULL,'2018-11-15 08:09:47','2018-11-15 08:09:47',1,'2018-11-15 08:09:47',NULL,'2018-11-15 08:09:47',NULL),(285,3,89,NULL,NULL,NULL,NULL,NULL,'2018-11-15 08:09:47',NULL,'2018-11-15 08:09:47','2018-11-15 08:09:47',1,'2018-11-15 08:09:47',NULL,'2018-11-15 08:09:47',NULL),(286,3,91,NULL,NULL,NULL,NULL,NULL,'2018-11-15 08:09:47',NULL,'2018-11-15 08:09:47','2018-11-15 08:09:47',1,'2018-11-15 08:09:47',NULL,'2018-11-15 08:09:47',NULL),(287,3,93,NULL,NULL,NULL,NULL,NULL,'2018-11-15 08:09:47',NULL,'2018-11-15 08:09:47','2018-11-15 08:09:47',1,'2018-11-15 08:09:47',NULL,'2018-11-15 08:09:47',NULL),(288,3,95,NULL,NULL,NULL,NULL,NULL,'2018-11-15 08:09:47',NULL,'2018-11-15 08:09:47','2018-11-15 08:09:47',1,'2018-11-15 08:09:47',NULL,'2018-11-15 08:09:47',NULL),(289,3,97,NULL,NULL,NULL,NULL,NULL,'2018-11-15 08:09:47',NULL,'2018-11-15 08:09:47','2018-11-15 08:09:47',1,'2018-11-15 08:09:47',NULL,'2018-11-15 08:09:47',NULL),(290,3,99,NULL,NULL,NULL,NULL,NULL,'2018-11-15 08:09:47',NULL,'2018-11-15 08:09:47','2018-11-15 08:09:47',1,'2018-11-15 08:09:47',NULL,'2018-11-15 08:09:47',NULL),(291,3,101,NULL,NULL,NULL,NULL,NULL,'2018-11-15 08:09:47',NULL,'2018-11-15 08:09:47','2018-11-15 08:09:47',1,'2018-11-15 08:09:47',NULL,'2018-11-15 08:09:47',NULL),(292,3,103,NULL,NULL,NULL,NULL,NULL,'2018-11-15 08:09:47',NULL,'2018-11-15 08:09:47','2018-11-15 08:09:47',1,'2018-11-15 08:09:47',NULL,'2018-11-15 08:09:47',NULL),(293,3,105,NULL,NULL,NULL,NULL,NULL,'2018-11-15 08:09:47',NULL,'2018-11-15 08:09:47','2018-11-15 08:09:47',1,'2018-11-15 08:09:47',NULL,'2018-11-15 08:09:47',NULL),(294,3,106,NULL,NULL,NULL,NULL,NULL,'2018-11-15 08:09:47',NULL,'2018-11-15 08:09:47','2018-11-15 08:09:47',1,'2018-11-15 08:09:47',NULL,'2018-11-15 08:09:47',NULL),(295,3,107,NULL,NULL,NULL,NULL,NULL,'2018-11-15 08:09:47',NULL,'2018-11-15 08:09:47','2018-11-15 08:09:47',1,'2018-11-15 08:09:47',NULL,'2018-11-15 08:09:47',NULL),(296,3,108,NULL,NULL,NULL,NULL,NULL,'2018-11-15 08:09:47',NULL,'2018-11-15 08:09:47','2018-11-15 08:09:47',1,'2018-11-15 08:09:47',NULL,'2018-11-15 08:09:47',NULL),(297,3,109,NULL,NULL,NULL,NULL,NULL,'2018-11-15 08:09:47',NULL,'2018-11-15 08:09:47','2018-11-15 08:09:47',1,'2018-11-15 08:09:47',NULL,'2018-11-15 08:09:47',NULL),(298,3,110,NULL,NULL,NULL,NULL,NULL,'2018-11-15 08:09:47',NULL,'2018-11-15 08:09:47','2018-11-15 08:09:47',1,'2018-11-15 08:09:47',NULL,'2018-11-15 08:09:47',NULL),(299,3,111,NULL,NULL,NULL,NULL,NULL,'2018-11-15 08:09:47',NULL,'2018-11-15 08:09:47','2018-11-15 08:09:47',1,'2018-11-15 08:09:47',NULL,'2018-11-15 08:09:47',NULL),(300,3,112,NULL,NULL,NULL,NULL,NULL,'2018-11-15 08:09:47',NULL,'2018-11-15 08:09:47','2018-11-15 08:09:47',1,'2018-11-15 08:09:47',NULL,'2018-11-15 08:09:47',NULL),(301,4,1,NULL,NULL,NULL,NULL,NULL,'2018-11-15 08:10:04',NULL,'2018-11-15 08:10:04','2018-11-15 08:10:04',1,'2018-11-15 08:10:04',NULL,'2018-11-15 08:10:04',NULL),(302,4,2,NULL,NULL,NULL,NULL,NULL,'2018-11-15 08:10:04',NULL,'2018-11-15 08:10:04','2018-11-15 08:10:04',1,'2018-11-15 08:10:04',NULL,'2018-11-15 08:10:04',NULL),(303,4,3,NULL,NULL,NULL,NULL,NULL,'2018-11-15 08:10:04',NULL,'2018-11-15 08:10:04','2018-11-15 08:10:04',1,'2018-11-15 08:10:04',NULL,'2018-11-15 08:10:04',NULL),(304,4,4,NULL,NULL,NULL,NULL,NULL,'2018-11-15 08:10:04',NULL,'2018-11-15 08:10:04','2018-11-15 08:10:04',1,'2018-11-15 08:10:04',NULL,'2018-11-15 08:10:04',NULL),(305,4,5,NULL,NULL,NULL,NULL,NULL,'2018-11-15 08:10:04',NULL,'2018-11-15 08:10:04','2018-11-15 08:10:04',1,'2018-11-15 08:10:04',NULL,'2018-11-15 08:10:04',NULL),(306,4,6,NULL,NULL,NULL,NULL,NULL,'2018-11-15 08:10:04',NULL,'2018-11-15 08:10:04','2018-11-15 08:10:04',1,'2018-11-15 08:10:04',NULL,'2018-11-15 08:10:04',NULL),(307,4,7,NULL,NULL,NULL,NULL,NULL,'2018-11-15 08:10:04',NULL,'2018-11-15 08:10:04','2018-11-15 08:10:04',1,'2018-11-15 08:10:04',NULL,'2018-11-15 08:10:04',NULL),(308,4,8,NULL,NULL,NULL,NULL,NULL,'2018-11-15 08:10:04',NULL,'2018-11-15 08:10:04','2018-11-15 08:10:04',1,'2018-11-15 08:10:04',NULL,'2018-11-15 08:10:04',NULL),(309,4,9,NULL,NULL,NULL,NULL,NULL,'2018-11-15 08:10:04',NULL,'2018-11-15 08:10:04','2018-11-15 08:10:04',1,'2018-11-15 08:10:04',NULL,'2018-11-15 08:10:04',NULL),(310,4,10,NULL,NULL,NULL,NULL,NULL,'2018-11-15 08:10:04',NULL,'2018-11-15 08:10:04','2018-11-15 08:10:04',1,'2018-11-15 08:10:04',NULL,'2018-11-15 08:10:04',NULL),(311,4,11,NULL,NULL,NULL,NULL,NULL,'2018-11-15 08:10:04',NULL,'2018-11-15 08:10:04','2018-11-15 08:10:04',1,'2018-11-15 08:10:04',NULL,'2018-11-15 08:10:04',NULL),(312,4,12,NULL,NULL,NULL,NULL,NULL,'2018-11-15 08:10:04',NULL,'2018-11-15 08:10:04','2018-11-15 08:10:04',1,'2018-11-15 08:10:04',NULL,'2018-11-15 08:10:04',NULL),(313,4,13,NULL,NULL,NULL,NULL,NULL,'2018-11-15 08:10:04',NULL,'2018-11-15 08:10:04','2018-11-15 08:10:04',1,'2018-11-15 08:10:04',NULL,'2018-11-15 08:10:04',NULL),(314,4,14,NULL,NULL,NULL,NULL,NULL,'2018-11-15 08:10:04',NULL,'2018-11-15 08:10:04','2018-11-15 08:10:04',1,'2018-11-15 08:10:04',NULL,'2018-11-15 08:10:04',NULL),(315,4,15,NULL,NULL,NULL,NULL,NULL,'2018-11-15 08:10:04',NULL,'2018-11-15 08:10:04','2018-11-15 08:10:04',1,'2018-11-15 08:10:04',NULL,'2018-11-15 08:10:04',NULL),(316,4,16,NULL,NULL,NULL,NULL,NULL,'2018-11-15 08:10:04',NULL,'2018-11-15 08:10:04','2018-11-15 08:10:04',1,'2018-11-15 08:10:04',NULL,'2018-11-15 08:10:04',NULL),(317,4,17,NULL,NULL,NULL,NULL,NULL,'2018-11-15 08:10:04',NULL,'2018-11-15 08:10:04','2018-11-15 08:10:04',1,'2018-11-15 08:10:04',NULL,'2018-11-15 08:10:04',NULL),(318,4,18,NULL,NULL,NULL,NULL,NULL,'2018-11-15 08:10:04',NULL,'2018-11-15 08:10:04','2018-11-15 08:10:04',1,'2018-11-15 08:10:04',NULL,'2018-11-15 08:10:04',NULL),(319,4,19,NULL,NULL,NULL,NULL,NULL,'2018-11-15 08:10:04',NULL,'2018-11-15 08:10:04','2018-11-15 08:10:04',1,'2018-11-15 08:10:04',NULL,'2018-11-15 08:10:04',NULL),(320,4,20,NULL,NULL,NULL,NULL,NULL,'2018-11-15 08:10:04',NULL,'2018-11-15 08:10:04','2018-11-15 08:10:04',1,'2018-11-15 08:10:04',NULL,'2018-11-15 08:10:04',NULL),(321,4,21,NULL,NULL,NULL,NULL,NULL,'2018-11-15 08:10:04',NULL,'2018-11-15 08:10:04','2018-11-15 08:10:04',1,'2018-11-15 08:10:04',NULL,'2018-11-15 08:10:04',NULL),(322,4,22,NULL,NULL,NULL,NULL,NULL,'2018-11-15 08:10:04',NULL,'2018-11-15 08:10:04','2018-11-15 08:10:04',1,'2018-11-15 08:10:04',NULL,'2018-11-15 08:10:04',NULL),(323,4,23,NULL,NULL,NULL,NULL,NULL,'2018-11-15 08:10:04',NULL,'2018-11-15 08:10:04','2018-11-15 08:10:04',1,'2018-11-15 08:10:04',NULL,'2018-11-15 08:10:04',NULL),(324,4,24,NULL,NULL,NULL,NULL,NULL,'2018-11-15 08:10:04',NULL,'2018-11-15 08:10:04','2018-11-15 08:10:04',1,'2018-11-15 08:10:04',NULL,'2018-11-15 08:10:04',NULL),(325,4,25,NULL,NULL,NULL,NULL,NULL,'2018-11-15 08:10:04',NULL,'2018-11-15 08:10:04','2018-11-15 08:10:04',1,'2018-11-15 08:10:04',NULL,'2018-11-15 08:10:04',NULL),(326,4,26,NULL,NULL,NULL,NULL,NULL,'2018-11-15 08:10:04',NULL,'2018-11-15 08:10:04','2018-11-15 08:10:04',1,'2018-11-15 08:10:04',NULL,'2018-11-15 08:10:04',NULL),(327,4,27,NULL,NULL,NULL,NULL,NULL,'2018-11-15 08:10:04',NULL,'2018-11-15 08:10:04','2018-11-15 08:10:04',1,'2018-11-15 08:10:04',NULL,'2018-11-15 08:10:04',NULL),(328,4,28,NULL,NULL,NULL,NULL,NULL,'2018-11-15 08:10:04',NULL,'2018-11-15 08:10:04','2018-11-15 08:10:04',1,'2018-11-15 08:10:04',NULL,'2018-11-15 08:10:04',NULL),(329,4,29,NULL,NULL,NULL,NULL,NULL,'2018-11-15 08:10:04',NULL,'2018-11-15 08:10:04','2018-11-15 08:10:04',1,'2018-11-15 08:10:04',NULL,'2018-11-15 08:10:04',NULL),(330,4,30,NULL,NULL,NULL,NULL,NULL,'2018-11-15 08:10:04',NULL,'2018-11-15 08:10:04','2018-11-15 08:10:04',1,'2018-11-15 08:10:04',NULL,'2018-11-15 08:10:04',NULL),(331,4,31,NULL,NULL,NULL,NULL,NULL,'2018-11-15 08:10:04',NULL,'2018-11-15 08:10:04','2018-11-15 08:10:04',1,'2018-11-15 08:10:04',NULL,'2018-11-15 08:10:04',NULL),(332,4,32,NULL,NULL,NULL,NULL,NULL,'2018-11-15 08:10:04',NULL,'2018-11-15 08:10:04','2018-11-15 08:10:04',1,'2018-11-15 08:10:04',NULL,'2018-11-15 08:10:04',NULL),(333,4,33,NULL,NULL,NULL,NULL,NULL,'2018-11-15 08:10:04',NULL,'2018-11-15 08:10:04','2018-11-15 08:10:04',1,'2018-11-15 08:10:04',NULL,'2018-11-15 08:10:04',NULL),(334,4,34,NULL,NULL,NULL,NULL,NULL,'2018-11-15 08:10:04',NULL,'2018-11-15 08:10:04','2018-11-15 08:10:04',1,'2018-11-15 08:10:04',NULL,'2018-11-15 08:10:04',NULL),(335,4,35,NULL,NULL,NULL,NULL,NULL,'2018-11-15 08:10:04',NULL,'2018-11-15 08:10:04','2018-11-15 08:10:04',1,'2018-11-15 08:10:04',NULL,'2018-11-15 08:10:04',NULL),(336,4,36,NULL,NULL,NULL,NULL,NULL,'2018-11-15 08:10:04',NULL,'2018-11-15 08:10:04','2018-11-15 08:10:04',1,'2018-11-15 08:10:04',NULL,'2018-11-15 08:10:04',NULL),(337,4,37,NULL,NULL,NULL,NULL,NULL,'2018-11-15 08:10:04',NULL,'2018-11-15 08:10:04','2018-11-15 08:10:04',1,'2018-11-15 08:10:04',NULL,'2018-11-15 08:10:04',NULL),(338,4,38,NULL,NULL,NULL,NULL,NULL,'2018-11-15 08:10:04',NULL,'2018-11-15 08:10:04','2018-11-15 08:10:04',1,'2018-11-15 08:10:04',NULL,'2018-11-15 08:10:04',NULL),(339,4,39,NULL,NULL,NULL,NULL,NULL,'2018-11-15 08:10:04',NULL,'2018-11-15 08:10:04','2018-11-15 08:10:04',1,'2018-11-15 08:10:04',NULL,'2018-11-15 08:10:04',NULL),(340,4,40,NULL,NULL,NULL,NULL,NULL,'2018-11-15 08:10:04',NULL,'2018-11-15 08:10:04','2018-11-15 08:10:04',1,'2018-11-15 08:10:04',NULL,'2018-11-15 08:10:04',NULL),(341,4,41,NULL,NULL,NULL,NULL,NULL,'2018-11-15 08:10:04',NULL,'2018-11-15 08:10:04','2018-11-15 08:10:04',1,'2018-11-15 08:10:04',NULL,'2018-11-15 08:10:04',NULL),(342,4,42,NULL,NULL,NULL,NULL,NULL,'2018-11-15 08:10:05',NULL,'2018-11-15 08:10:05','2018-11-15 08:10:05',1,'2018-11-15 08:10:05',NULL,'2018-11-15 08:10:05',NULL),(343,4,43,NULL,NULL,NULL,NULL,NULL,'2018-11-15 08:10:05',NULL,'2018-11-15 08:10:05','2018-11-15 08:10:05',1,'2018-11-15 08:10:05',NULL,'2018-11-15 08:10:05',NULL),(344,4,44,NULL,NULL,NULL,NULL,NULL,'2018-11-15 08:10:05',NULL,'2018-11-15 08:10:05','2018-11-15 08:10:05',1,'2018-11-15 08:10:05',NULL,'2018-11-15 08:10:05',NULL),(345,4,45,NULL,NULL,NULL,NULL,NULL,'2018-11-15 08:10:05',NULL,'2018-11-15 08:10:05','2018-11-15 08:10:05',1,'2018-11-15 08:10:05',NULL,'2018-11-15 08:10:05',NULL),(346,4,46,NULL,NULL,NULL,NULL,NULL,'2018-11-15 08:10:05',NULL,'2018-11-15 08:10:05','2018-11-15 08:10:05',1,'2018-11-15 08:10:05',NULL,'2018-11-15 08:10:05',NULL),(347,4,47,NULL,NULL,NULL,NULL,NULL,'2018-11-15 08:10:05',NULL,'2018-11-15 08:10:05','2018-11-15 08:10:05',1,'2018-11-15 08:10:05',NULL,'2018-11-15 08:10:05',NULL),(348,4,48,NULL,NULL,NULL,NULL,NULL,'2018-11-15 08:10:05',NULL,'2018-11-15 08:10:05','2018-11-15 08:10:05',1,'2018-11-15 08:10:05',NULL,'2018-11-15 08:10:05',NULL),(349,4,49,NULL,NULL,NULL,NULL,NULL,'2018-11-15 08:10:05',NULL,'2018-11-15 08:10:05','2018-11-15 08:10:05',1,'2018-11-15 08:10:05',NULL,'2018-11-15 08:10:05',NULL),(350,4,50,NULL,NULL,NULL,NULL,NULL,'2018-11-15 08:10:05',NULL,'2018-11-15 08:10:05','2018-11-15 08:10:05',1,'2018-11-15 08:10:05',NULL,'2018-11-15 08:10:05',NULL),(351,4,51,NULL,NULL,NULL,NULL,NULL,'2018-11-15 08:10:05',NULL,'2018-11-15 08:10:05','2018-11-15 08:10:05',1,'2018-11-15 08:10:05',NULL,'2018-11-15 08:10:05',NULL),(352,4,52,NULL,NULL,NULL,NULL,NULL,'2018-11-15 08:10:05',NULL,'2018-11-15 08:10:05','2018-11-15 08:10:05',1,'2018-11-15 08:10:05',NULL,'2018-11-15 08:10:05',NULL),(353,4,53,NULL,NULL,NULL,NULL,NULL,'2018-11-15 08:10:05',NULL,'2018-11-15 08:10:05','2018-11-15 08:10:05',1,'2018-11-15 08:10:05',NULL,'2018-11-15 08:10:05',NULL),(354,4,54,NULL,NULL,NULL,NULL,NULL,'2018-11-15 08:10:05',NULL,'2018-11-15 08:10:05','2018-11-15 08:10:05',1,'2018-11-15 08:10:05',NULL,'2018-11-15 08:10:05',NULL),(355,4,55,NULL,NULL,NULL,NULL,NULL,'2018-11-15 08:10:05',NULL,'2018-11-15 08:10:05','2018-11-15 08:10:05',1,'2018-11-15 08:10:05',NULL,'2018-11-15 08:10:05',NULL),(356,4,56,NULL,NULL,NULL,NULL,NULL,'2018-11-15 08:10:05',NULL,'2018-11-15 08:10:05','2018-11-15 08:10:05',1,'2018-11-15 08:10:05',NULL,'2018-11-15 08:10:05',NULL),(357,4,57,NULL,NULL,NULL,NULL,NULL,'2018-11-15 08:10:05',NULL,'2018-11-15 08:10:05','2018-11-15 08:10:05',1,'2018-11-15 08:10:05',NULL,'2018-11-15 08:10:05',NULL),(358,4,58,NULL,NULL,NULL,NULL,NULL,'2018-11-15 08:10:05',NULL,'2018-11-15 08:10:05','2018-11-15 08:10:05',1,'2018-11-15 08:10:05',NULL,'2018-11-15 08:10:05',NULL),(359,4,59,NULL,NULL,NULL,NULL,NULL,'2018-11-15 08:10:05',NULL,'2018-11-15 08:10:05','2018-11-15 08:10:05',1,'2018-11-15 08:10:05',NULL,'2018-11-15 08:10:05',NULL),(360,4,60,NULL,NULL,NULL,NULL,NULL,'2018-11-15 08:10:05',NULL,'2018-11-15 08:10:05','2018-11-15 08:10:05',1,'2018-11-15 08:10:05',NULL,'2018-11-15 08:10:05',NULL),(361,4,61,NULL,NULL,NULL,NULL,NULL,'2018-11-15 08:10:05',NULL,'2018-11-15 08:10:05','2018-11-15 08:10:05',1,'2018-11-15 08:10:05',NULL,'2018-11-15 08:10:05',NULL),(362,4,62,NULL,NULL,NULL,NULL,NULL,'2018-11-15 08:10:05',NULL,'2018-11-15 08:10:05','2018-11-15 08:10:05',1,'2018-11-15 08:10:05',NULL,'2018-11-15 08:10:05',NULL),(363,4,63,NULL,NULL,NULL,NULL,NULL,'2018-11-15 08:10:05',NULL,'2018-11-15 08:10:05','2018-11-15 08:10:05',1,'2018-11-15 08:10:05',NULL,'2018-11-15 08:10:05',NULL),(364,4,64,NULL,NULL,NULL,NULL,NULL,'2018-11-15 08:10:05',NULL,'2018-11-15 08:10:05','2018-11-15 08:10:05',1,'2018-11-15 08:10:05',NULL,'2018-11-15 08:10:05',NULL),(365,4,65,NULL,NULL,NULL,NULL,NULL,'2018-11-15 08:10:05',NULL,'2018-11-15 08:10:05','2018-11-15 08:10:05',1,'2018-11-15 08:10:05',NULL,'2018-11-15 08:10:05',NULL),(366,4,66,NULL,NULL,NULL,NULL,NULL,'2018-11-15 08:10:05',NULL,'2018-11-15 08:10:05','2018-11-15 08:10:05',1,'2018-11-15 08:10:05',NULL,'2018-11-15 08:10:05',NULL),(367,4,68,NULL,NULL,NULL,NULL,NULL,'2018-11-15 08:10:05',NULL,'2018-11-15 08:10:05','2018-11-15 08:10:05',1,'2018-11-15 08:10:05',NULL,'2018-11-15 08:10:05',NULL),(368,4,69,NULL,NULL,NULL,NULL,NULL,'2018-11-15 08:10:05',NULL,'2018-11-15 08:10:05','2018-11-15 08:10:05',1,'2018-11-15 08:10:05',NULL,'2018-11-15 08:10:05',NULL),(369,4,70,NULL,NULL,NULL,NULL,NULL,'2018-11-15 08:10:05',NULL,'2018-11-15 08:10:05','2018-11-15 08:10:05',1,'2018-11-15 08:10:05',NULL,'2018-11-15 08:10:05',NULL),(370,4,71,NULL,NULL,NULL,NULL,NULL,'2018-11-15 08:10:05',NULL,'2018-11-15 08:10:05','2018-11-15 08:10:05',1,'2018-11-15 08:10:05',NULL,'2018-11-15 08:10:05',NULL),(371,4,72,NULL,NULL,NULL,NULL,NULL,'2018-11-15 08:10:05',NULL,'2018-11-15 08:10:05','2018-11-15 08:10:05',1,'2018-11-15 08:10:05',NULL,'2018-11-15 08:10:05',NULL),(372,4,73,NULL,NULL,NULL,NULL,NULL,'2018-11-15 08:10:05',NULL,'2018-11-15 08:10:05','2018-11-15 08:10:05',1,'2018-11-15 08:10:05',NULL,'2018-11-15 08:10:05',NULL),(373,4,74,NULL,NULL,NULL,NULL,NULL,'2018-11-15 08:10:05',NULL,'2018-11-15 08:10:05','2018-11-15 08:10:05',1,'2018-11-15 08:10:05',NULL,'2018-11-15 08:10:05',NULL),(374,4,75,NULL,NULL,NULL,NULL,NULL,'2018-11-15 08:10:05',NULL,'2018-11-15 08:10:05','2018-11-15 08:10:05',1,'2018-11-15 08:10:05',NULL,'2018-11-15 08:10:05',NULL),(375,4,76,NULL,NULL,NULL,NULL,NULL,'2018-11-15 08:10:05',NULL,'2018-11-15 08:10:05','2018-11-15 08:10:05',1,'2018-11-15 08:10:05',NULL,'2018-11-15 08:10:05',NULL),(376,4,77,NULL,NULL,NULL,NULL,NULL,'2018-11-15 08:10:05',NULL,'2018-11-15 08:10:05','2018-11-15 08:10:05',1,'2018-11-15 08:10:05',NULL,'2018-11-15 08:10:05',NULL),(377,4,78,NULL,NULL,NULL,NULL,NULL,'2018-11-15 08:10:05',NULL,'2018-11-15 08:10:05','2018-11-15 08:10:05',1,'2018-11-15 08:10:05',NULL,'2018-11-15 08:10:05',NULL),(378,4,79,NULL,NULL,NULL,NULL,NULL,'2018-11-15 08:10:05',NULL,'2018-11-15 08:10:05','2018-11-15 08:10:05',1,'2018-11-15 08:10:05',NULL,'2018-11-15 08:10:05',NULL),(379,4,80,NULL,NULL,NULL,NULL,NULL,'2018-11-15 08:10:05',NULL,'2018-11-15 08:10:05','2018-11-15 08:10:05',1,'2018-11-15 08:10:05',NULL,'2018-11-15 08:10:05',NULL),(380,4,81,NULL,NULL,NULL,NULL,NULL,'2018-11-15 08:10:05',NULL,'2018-11-15 08:10:05','2018-11-15 08:10:05',1,'2018-11-15 08:10:05',NULL,'2018-11-15 08:10:05',NULL),(381,4,82,NULL,NULL,NULL,NULL,NULL,'2018-11-15 08:10:05',NULL,'2018-11-15 08:10:05','2018-11-15 08:10:05',1,'2018-11-15 08:10:05',NULL,'2018-11-15 08:10:05',NULL),(382,4,83,NULL,NULL,NULL,NULL,NULL,'2018-11-15 08:10:05',NULL,'2018-11-15 08:10:05','2018-11-15 08:10:05',1,'2018-11-15 08:10:05',NULL,'2018-11-15 08:10:05',NULL),(383,4,85,NULL,NULL,NULL,NULL,NULL,'2018-11-15 08:10:05',NULL,'2018-11-15 08:10:05','2018-11-15 08:10:05',1,'2018-11-15 08:10:05',NULL,'2018-11-15 08:10:05',NULL),(384,4,87,NULL,NULL,NULL,NULL,NULL,'2018-11-15 08:10:05',NULL,'2018-11-15 08:10:05','2018-11-15 08:10:05',1,'2018-11-15 08:10:05',NULL,'2018-11-15 08:10:05',NULL),(385,4,89,NULL,NULL,NULL,NULL,NULL,'2018-11-15 08:10:05',NULL,'2018-11-15 08:10:05','2018-11-15 08:10:05',1,'2018-11-15 08:10:05',NULL,'2018-11-15 08:10:05',NULL),(386,4,91,NULL,NULL,NULL,NULL,NULL,'2018-11-15 08:10:05',NULL,'2018-11-15 08:10:05','2018-11-15 08:10:05',1,'2018-11-15 08:10:05',NULL,'2018-11-15 08:10:05',NULL),(387,4,93,NULL,NULL,NULL,NULL,NULL,'2018-11-15 08:10:05',NULL,'2018-11-15 08:10:05','2018-11-15 08:10:05',1,'2018-11-15 08:10:05',NULL,'2018-11-15 08:10:05',NULL),(388,4,95,NULL,NULL,NULL,NULL,NULL,'2018-11-15 08:10:05',NULL,'2018-11-15 08:10:05','2018-11-15 08:10:05',1,'2018-11-15 08:10:05',NULL,'2018-11-15 08:10:05',NULL),(389,4,97,NULL,NULL,NULL,NULL,NULL,'2018-11-15 08:10:05',NULL,'2018-11-15 08:10:05','2018-11-15 08:10:05',1,'2018-11-15 08:10:05',NULL,'2018-11-15 08:10:05',NULL),(390,4,99,NULL,NULL,NULL,NULL,NULL,'2018-11-15 08:10:05',NULL,'2018-11-15 08:10:05','2018-11-15 08:10:05',1,'2018-11-15 08:10:05',NULL,'2018-11-15 08:10:05',NULL),(391,4,101,NULL,NULL,NULL,NULL,NULL,'2018-11-15 08:10:05',NULL,'2018-11-15 08:10:05','2018-11-15 08:10:05',1,'2018-11-15 08:10:05',NULL,'2018-11-15 08:10:05',NULL),(392,4,103,NULL,NULL,NULL,NULL,NULL,'2018-11-15 08:10:05',NULL,'2018-11-15 08:10:05','2018-11-15 08:10:05',1,'2018-11-15 08:10:05',NULL,'2018-11-15 08:10:05',NULL),(393,4,105,NULL,NULL,NULL,NULL,NULL,'2018-11-15 08:10:05',NULL,'2018-11-15 08:10:05','2018-11-15 08:10:05',1,'2018-11-15 08:10:05',NULL,'2018-11-15 08:10:05',NULL),(394,4,106,NULL,NULL,NULL,NULL,NULL,'2018-11-15 08:10:05',NULL,'2018-11-15 08:10:05','2018-11-15 08:10:05',1,'2018-11-15 08:10:05',NULL,'2018-11-15 08:10:05',NULL),(395,4,107,NULL,NULL,NULL,NULL,NULL,'2018-11-15 08:10:05',NULL,'2018-11-15 08:10:05','2018-11-15 08:10:05',1,'2018-11-15 08:10:05',NULL,'2018-11-15 08:10:05',NULL),(396,4,108,NULL,NULL,NULL,NULL,NULL,'2018-11-15 08:10:05',NULL,'2018-11-15 08:10:05','2018-11-15 08:10:05',1,'2018-11-15 08:10:05',NULL,'2018-11-15 08:10:05',NULL),(397,4,109,NULL,NULL,NULL,NULL,NULL,'2018-11-15 08:10:05',NULL,'2018-11-15 08:10:05','2018-11-15 08:10:05',1,'2018-11-15 08:10:05',NULL,'2018-11-15 08:10:05',NULL),(398,4,110,NULL,NULL,NULL,NULL,NULL,'2018-11-15 08:10:05',NULL,'2018-11-15 08:10:05','2018-11-15 08:10:05',1,'2018-11-15 08:10:05',NULL,'2018-11-15 08:10:05',NULL),(399,4,111,NULL,NULL,NULL,NULL,NULL,'2018-11-15 08:10:05',NULL,'2018-11-15 08:10:05','2018-11-15 08:10:05',1,'2018-11-15 08:10:05',NULL,'2018-11-15 08:10:05',NULL),(400,4,112,NULL,NULL,NULL,NULL,NULL,'2018-11-15 08:10:05',NULL,'2018-11-15 08:10:05','2018-11-15 08:10:05',1,'2018-11-15 08:10:05',NULL,'2018-11-15 08:10:05',NULL),(401,5,1,NULL,NULL,NULL,NULL,NULL,'2018-11-15 08:10:29',NULL,'2018-11-15 08:10:29','2018-11-15 08:10:29',1,'2018-11-15 08:10:29',NULL,'2018-11-15 08:10:29',NULL),(402,5,2,NULL,NULL,NULL,NULL,NULL,'2018-11-15 08:10:29',NULL,'2018-11-15 08:10:29','2018-11-15 08:10:29',1,'2018-11-15 08:10:29',NULL,'2018-11-15 08:10:29',NULL),(403,5,3,NULL,NULL,NULL,NULL,NULL,'2018-11-15 08:10:29',NULL,'2018-11-15 08:10:29','2018-11-15 08:10:29',1,'2018-11-15 08:10:29',NULL,'2018-11-15 08:10:29',NULL),(404,5,4,NULL,NULL,NULL,NULL,NULL,'2018-11-15 08:10:29',NULL,'2018-11-15 08:10:29','2018-11-15 08:10:29',1,'2018-11-15 08:10:29',NULL,'2018-11-15 08:10:29',NULL),(405,5,5,NULL,NULL,NULL,NULL,NULL,'2018-11-15 08:10:29',NULL,'2018-11-15 08:10:29','2018-11-15 08:10:29',1,'2018-11-15 08:10:29',NULL,'2018-11-15 08:10:29',NULL),(406,5,6,NULL,NULL,NULL,NULL,NULL,'2018-11-15 08:10:29',NULL,'2018-11-15 08:10:29','2018-11-15 08:10:29',1,'2018-11-15 08:10:29',NULL,'2018-11-15 08:10:29',NULL),(407,5,7,NULL,NULL,NULL,NULL,NULL,'2018-11-15 08:10:29',NULL,'2018-11-15 08:10:29','2018-11-15 08:10:29',1,'2018-11-15 08:10:29',NULL,'2018-11-15 08:10:29',NULL),(408,5,8,NULL,NULL,NULL,NULL,NULL,'2018-11-15 08:10:29',NULL,'2018-11-15 08:10:29','2018-11-15 08:10:29',1,'2018-11-15 08:10:29',NULL,'2018-11-15 08:10:29',NULL),(409,5,9,NULL,NULL,NULL,NULL,NULL,'2018-11-15 08:10:29',NULL,'2018-11-15 08:10:29','2018-11-15 08:10:29',1,'2018-11-15 08:10:29',NULL,'2018-11-15 08:10:29',NULL),(410,5,10,NULL,NULL,NULL,NULL,NULL,'2018-11-15 08:10:29',NULL,'2018-11-15 08:10:29','2018-11-15 08:10:29',1,'2018-11-15 08:10:29',NULL,'2018-11-15 08:10:29',NULL),(411,5,11,NULL,NULL,NULL,NULL,NULL,'2018-11-15 08:10:29',NULL,'2018-11-15 08:10:29','2018-11-15 08:10:29',1,'2018-11-15 08:10:29',NULL,'2018-11-15 08:10:29',NULL),(412,5,12,NULL,NULL,NULL,NULL,NULL,'2018-11-15 08:10:29',NULL,'2018-11-15 08:10:29','2018-11-15 08:10:29',1,'2018-11-15 08:10:29',NULL,'2018-11-15 08:10:29',NULL),(413,5,13,NULL,NULL,NULL,NULL,NULL,'2018-11-15 08:10:29',NULL,'2018-11-15 08:10:29','2018-11-15 08:10:29',1,'2018-11-15 08:10:29',NULL,'2018-11-15 08:10:29',NULL),(414,5,14,NULL,NULL,NULL,NULL,NULL,'2018-11-15 08:10:29',NULL,'2018-11-15 08:10:29','2018-11-15 08:10:29',1,'2018-11-15 08:10:29',NULL,'2018-11-15 08:10:29',NULL),(415,5,15,NULL,NULL,NULL,NULL,NULL,'2018-11-15 08:10:29',NULL,'2018-11-15 08:10:29','2018-11-15 08:10:29',1,'2018-11-15 08:10:29',NULL,'2018-11-15 08:10:29',NULL),(416,5,16,NULL,NULL,NULL,NULL,NULL,'2018-11-15 08:10:29',NULL,'2018-11-15 08:10:29','2018-11-15 08:10:29',1,'2018-11-15 08:10:29',NULL,'2018-11-15 08:10:29',NULL),(417,5,17,NULL,NULL,NULL,NULL,NULL,'2018-11-15 08:10:29',NULL,'2018-11-15 08:10:29','2018-11-15 08:10:29',1,'2018-11-15 08:10:29',NULL,'2018-11-15 08:10:29',NULL),(418,5,18,NULL,NULL,NULL,NULL,NULL,'2018-11-15 08:10:29',NULL,'2018-11-15 08:10:29','2018-11-15 08:10:29',1,'2018-11-15 08:10:29',NULL,'2018-11-15 08:10:29',NULL),(419,5,19,NULL,NULL,NULL,NULL,NULL,'2018-11-15 08:10:29',NULL,'2018-11-15 08:10:29','2018-11-15 08:10:29',1,'2018-11-15 08:10:29',NULL,'2018-11-15 08:10:29',NULL),(420,5,20,NULL,NULL,NULL,NULL,NULL,'2018-11-15 08:10:29',NULL,'2018-11-15 08:10:29','2018-11-15 08:10:29',1,'2018-11-15 08:10:29',NULL,'2018-11-15 08:10:29',NULL),(421,5,21,NULL,NULL,NULL,NULL,NULL,'2018-11-15 08:10:29',NULL,'2018-11-15 08:10:29','2018-11-15 08:10:29',1,'2018-11-15 08:10:29',NULL,'2018-11-15 08:10:29',NULL),(422,5,22,NULL,NULL,NULL,NULL,NULL,'2018-11-15 08:10:29',NULL,'2018-11-15 08:10:29','2018-11-15 08:10:29',1,'2018-11-15 08:10:29',NULL,'2018-11-15 08:10:29',NULL),(423,5,23,NULL,NULL,NULL,NULL,NULL,'2018-11-15 08:10:29',NULL,'2018-11-15 08:10:29','2018-11-15 08:10:29',1,'2018-11-15 08:10:29',NULL,'2018-11-15 08:10:29',NULL),(424,5,24,NULL,NULL,NULL,NULL,NULL,'2018-11-15 08:10:29',NULL,'2018-11-15 08:10:29','2018-11-15 08:10:29',1,'2018-11-15 08:10:29',NULL,'2018-11-15 08:10:29',NULL),(425,5,25,NULL,NULL,NULL,NULL,NULL,'2018-11-15 08:10:29',NULL,'2018-11-15 08:10:29','2018-11-15 08:10:29',1,'2018-11-15 08:10:29',NULL,'2018-11-15 08:10:29',NULL),(426,5,26,NULL,NULL,NULL,NULL,NULL,'2018-11-15 08:10:29',NULL,'2018-11-15 08:10:29','2018-11-15 08:10:29',1,'2018-11-15 08:10:29',NULL,'2018-11-15 08:10:29',NULL),(427,5,27,NULL,NULL,NULL,NULL,NULL,'2018-11-15 08:10:29',NULL,'2018-11-15 08:10:29','2018-11-15 08:10:29',1,'2018-11-15 08:10:29',NULL,'2018-11-15 08:10:29',NULL),(428,5,28,NULL,NULL,NULL,NULL,NULL,'2018-11-15 08:10:29',NULL,'2018-11-15 08:10:29','2018-11-15 08:10:29',1,'2018-11-15 08:10:29',NULL,'2018-11-15 08:10:29',NULL),(429,5,29,NULL,NULL,NULL,NULL,NULL,'2018-11-15 08:10:29',NULL,'2018-11-15 08:10:29','2018-11-15 08:10:29',1,'2018-11-15 08:10:29',NULL,'2018-11-15 08:10:29',NULL),(430,5,30,NULL,NULL,NULL,NULL,NULL,'2018-11-15 08:10:29',NULL,'2018-11-15 08:10:29','2018-11-15 08:10:29',1,'2018-11-15 08:10:29',NULL,'2018-11-15 08:10:29',NULL),(431,5,31,NULL,NULL,NULL,NULL,NULL,'2018-11-15 08:10:29',NULL,'2018-11-15 08:10:29','2018-11-15 08:10:29',1,'2018-11-15 08:10:29',NULL,'2018-11-15 08:10:29',NULL),(432,5,32,NULL,NULL,NULL,NULL,NULL,'2018-11-15 08:10:29',NULL,'2018-11-15 08:10:29','2018-11-15 08:10:29',1,'2018-11-15 08:10:29',NULL,'2018-11-15 08:10:29',NULL),(433,5,33,NULL,NULL,NULL,NULL,NULL,'2018-11-15 08:10:29',NULL,'2018-11-15 08:10:29','2018-11-15 08:10:29',1,'2018-11-15 08:10:29',NULL,'2018-11-15 08:10:29',NULL),(434,5,34,NULL,NULL,NULL,NULL,NULL,'2018-11-15 08:10:29',NULL,'2018-11-15 08:10:29','2018-11-15 08:10:29',1,'2018-11-15 08:10:29',NULL,'2018-11-15 08:10:29',NULL),(435,5,35,NULL,NULL,NULL,NULL,NULL,'2018-11-15 08:10:29',NULL,'2018-11-15 08:10:29','2018-11-15 08:10:29',1,'2018-11-15 08:10:29',NULL,'2018-11-15 08:10:29',NULL),(436,5,36,NULL,NULL,NULL,NULL,NULL,'2018-11-15 08:10:29',NULL,'2018-11-15 08:10:29','2018-11-15 08:10:29',1,'2018-11-15 08:10:29',NULL,'2018-11-15 08:10:29',NULL),(437,5,37,NULL,NULL,NULL,NULL,NULL,'2018-11-15 08:10:29',NULL,'2018-11-15 08:10:29','2018-11-15 08:10:29',1,'2018-11-15 08:10:29',NULL,'2018-11-15 08:10:29',NULL),(438,5,38,NULL,NULL,NULL,NULL,NULL,'2018-11-15 08:10:29',NULL,'2018-11-15 08:10:29','2018-11-15 08:10:29',1,'2018-11-15 08:10:29',NULL,'2018-11-15 08:10:29',NULL),(439,5,39,NULL,NULL,NULL,NULL,NULL,'2018-11-15 08:10:29',NULL,'2018-11-15 08:10:29','2018-11-15 08:10:29',1,'2018-11-15 08:10:29',NULL,'2018-11-15 08:10:29',NULL),(440,5,40,NULL,NULL,NULL,NULL,NULL,'2018-11-15 08:10:29',NULL,'2018-11-15 08:10:29','2018-11-15 08:10:29',1,'2018-11-15 08:10:29',NULL,'2018-11-15 08:10:29',NULL),(441,5,41,NULL,NULL,NULL,NULL,NULL,'2018-11-15 08:10:29',NULL,'2018-11-15 08:10:29','2018-11-15 08:10:29',1,'2018-11-15 08:10:29',NULL,'2018-11-15 08:10:29',NULL),(442,5,42,NULL,NULL,NULL,NULL,NULL,'2018-11-15 08:10:29',NULL,'2018-11-15 08:10:29','2018-11-15 08:10:29',1,'2018-11-15 08:10:29',NULL,'2018-11-15 08:10:29',NULL),(443,5,43,NULL,NULL,NULL,NULL,NULL,'2018-11-15 08:10:29',NULL,'2018-11-15 08:10:29','2018-11-15 08:10:29',1,'2018-11-15 08:10:29',NULL,'2018-11-15 08:10:29',NULL),(444,5,44,NULL,NULL,NULL,NULL,NULL,'2018-11-15 08:10:29',NULL,'2018-11-15 08:10:29','2018-11-15 08:10:29',1,'2018-11-15 08:10:29',NULL,'2018-11-15 08:10:29',NULL),(445,5,45,NULL,NULL,NULL,NULL,NULL,'2018-11-15 08:10:29',NULL,'2018-11-15 08:10:29','2018-11-15 08:10:29',1,'2018-11-15 08:10:29',NULL,'2018-11-15 08:10:29',NULL),(446,5,46,NULL,NULL,NULL,NULL,NULL,'2018-11-15 08:10:29',NULL,'2018-11-15 08:10:29','2018-11-15 08:10:29',1,'2018-11-15 08:10:29',NULL,'2018-11-15 08:10:29',NULL),(447,5,47,NULL,NULL,NULL,NULL,NULL,'2018-11-15 08:10:29',NULL,'2018-11-15 08:10:29','2018-11-15 08:10:29',1,'2018-11-15 08:10:29',NULL,'2018-11-15 08:10:29',NULL),(448,5,48,NULL,NULL,NULL,NULL,NULL,'2018-11-15 08:10:29',NULL,'2018-11-15 08:10:29','2018-11-15 08:10:29',1,'2018-11-15 08:10:29',NULL,'2018-11-15 08:10:29',NULL),(449,5,49,NULL,NULL,NULL,NULL,NULL,'2018-11-15 08:10:29',NULL,'2018-11-15 08:10:29','2018-11-15 08:10:29',1,'2018-11-15 08:10:29',NULL,'2018-11-15 08:10:29',NULL),(450,5,50,NULL,NULL,NULL,NULL,NULL,'2018-11-15 08:10:29',NULL,'2018-11-15 08:10:29','2018-11-15 08:10:29',1,'2018-11-15 08:10:29',NULL,'2018-11-15 08:10:29',NULL),(451,5,51,NULL,NULL,NULL,NULL,NULL,'2018-11-15 08:10:29',NULL,'2018-11-15 08:10:29','2018-11-15 08:10:29',1,'2018-11-15 08:10:29',NULL,'2018-11-15 08:10:29',NULL),(452,5,52,NULL,NULL,NULL,NULL,NULL,'2018-11-15 08:10:29',NULL,'2018-11-15 08:10:29','2018-11-15 08:10:29',1,'2018-11-15 08:10:29',NULL,'2018-11-15 08:10:29',NULL),(453,5,53,NULL,NULL,NULL,NULL,NULL,'2018-11-15 08:10:29',NULL,'2018-11-15 08:10:29','2018-11-15 08:10:29',1,'2018-11-15 08:10:29',NULL,'2018-11-15 08:10:29',NULL),(454,5,54,NULL,NULL,NULL,NULL,NULL,'2018-11-15 08:10:29',NULL,'2018-11-15 08:10:29','2018-11-15 08:10:29',1,'2018-11-15 08:10:29',NULL,'2018-11-15 08:10:29',NULL),(455,5,55,NULL,NULL,NULL,NULL,NULL,'2018-11-15 08:10:30',NULL,'2018-11-15 08:10:30','2018-11-15 08:10:30',1,'2018-11-15 08:10:30',NULL,'2018-11-15 08:10:30',NULL),(456,5,56,NULL,NULL,NULL,NULL,NULL,'2018-11-15 08:10:30',NULL,'2018-11-15 08:10:30','2018-11-15 08:10:30',1,'2018-11-15 08:10:30',NULL,'2018-11-15 08:10:30',NULL),(457,5,57,NULL,NULL,NULL,NULL,NULL,'2018-11-15 08:10:30',NULL,'2018-11-15 08:10:30','2018-11-15 08:10:30',1,'2018-11-15 08:10:30',NULL,'2018-11-15 08:10:30',NULL),(458,5,58,NULL,NULL,NULL,NULL,NULL,'2018-11-15 08:10:30',NULL,'2018-11-15 08:10:30','2018-11-15 08:10:30',1,'2018-11-15 08:10:30',NULL,'2018-11-15 08:10:30',NULL),(459,5,59,NULL,NULL,NULL,NULL,NULL,'2018-11-15 08:10:30',NULL,'2018-11-15 08:10:30','2018-11-15 08:10:30',1,'2018-11-15 08:10:30',NULL,'2018-11-15 08:10:30',NULL),(460,5,60,NULL,NULL,NULL,NULL,NULL,'2018-11-15 08:10:30',NULL,'2018-11-15 08:10:30','2018-11-15 08:10:30',1,'2018-11-15 08:10:30',NULL,'2018-11-15 08:10:30',NULL),(461,5,61,NULL,NULL,NULL,NULL,NULL,'2018-11-15 08:10:30',NULL,'2018-11-15 08:10:30','2018-11-15 08:10:30',1,'2018-11-15 08:10:30',NULL,'2018-11-15 08:10:30',NULL),(462,5,62,NULL,NULL,NULL,NULL,NULL,'2018-11-15 08:10:30',NULL,'2018-11-15 08:10:30','2018-11-15 08:10:30',1,'2018-11-15 08:10:30',NULL,'2018-11-15 08:10:30',NULL),(463,5,63,NULL,NULL,NULL,NULL,NULL,'2018-11-15 08:10:30',NULL,'2018-11-15 08:10:30','2018-11-15 08:10:30',1,'2018-11-15 08:10:30',NULL,'2018-11-15 08:10:30',NULL),(464,5,64,NULL,NULL,NULL,NULL,NULL,'2018-11-15 08:10:30',NULL,'2018-11-15 08:10:30','2018-11-15 08:10:30',1,'2018-11-15 08:10:30',NULL,'2018-11-15 08:10:30',NULL),(465,5,65,NULL,NULL,NULL,NULL,NULL,'2018-11-15 08:10:30',NULL,'2018-11-15 08:10:30','2018-11-15 08:10:30',1,'2018-11-15 08:10:30',NULL,'2018-11-15 08:10:30',NULL),(466,5,66,NULL,NULL,NULL,NULL,NULL,'2018-11-15 08:10:30',NULL,'2018-11-15 08:10:30','2018-11-15 08:10:30',1,'2018-11-15 08:10:30',NULL,'2018-11-15 08:10:30',NULL),(467,5,68,NULL,NULL,NULL,NULL,NULL,'2018-11-15 08:10:30',NULL,'2018-11-15 08:10:30','2018-11-15 08:10:30',1,'2018-11-15 08:10:30',NULL,'2018-11-15 08:10:30',NULL),(468,5,69,NULL,NULL,NULL,NULL,NULL,'2018-11-15 08:10:30',NULL,'2018-11-15 08:10:30','2018-11-15 08:10:30',1,'2018-11-15 08:10:30',NULL,'2018-11-15 08:10:30',NULL),(469,5,70,NULL,NULL,NULL,NULL,NULL,'2018-11-15 08:10:30',NULL,'2018-11-15 08:10:30','2018-11-15 08:10:30',1,'2018-11-15 08:10:30',NULL,'2018-11-15 08:10:30',NULL),(470,5,71,NULL,NULL,NULL,NULL,NULL,'2018-11-15 08:10:30',NULL,'2018-11-15 08:10:30','2018-11-15 08:10:30',1,'2018-11-15 08:10:30',NULL,'2018-11-15 08:10:30',NULL),(471,5,72,NULL,NULL,NULL,NULL,NULL,'2018-11-15 08:10:30',NULL,'2018-11-15 08:10:30','2018-11-15 08:10:30',1,'2018-11-15 08:10:30',NULL,'2018-11-15 08:10:30',NULL),(472,5,73,NULL,NULL,NULL,NULL,NULL,'2018-11-15 08:10:30',NULL,'2018-11-15 08:10:30','2018-11-15 08:10:30',1,'2018-11-15 08:10:30',NULL,'2018-11-15 08:10:30',NULL),(473,5,74,NULL,NULL,NULL,NULL,NULL,'2018-11-15 08:10:30',NULL,'2018-11-15 08:10:30','2018-11-15 08:10:30',1,'2018-11-15 08:10:30',NULL,'2018-11-15 08:10:30',NULL),(474,5,75,NULL,NULL,NULL,NULL,NULL,'2018-11-15 08:10:30',NULL,'2018-11-15 08:10:30','2018-11-15 08:10:30',1,'2018-11-15 08:10:30',NULL,'2018-11-15 08:10:30',NULL),(475,5,76,NULL,NULL,NULL,NULL,NULL,'2018-11-15 08:10:30',NULL,'2018-11-15 08:10:30','2018-11-15 08:10:30',1,'2018-11-15 08:10:30',NULL,'2018-11-15 08:10:30',NULL),(476,5,77,NULL,NULL,NULL,NULL,NULL,'2018-11-15 08:10:30',NULL,'2018-11-15 08:10:30','2018-11-15 08:10:30',1,'2018-11-15 08:10:30',NULL,'2018-11-15 08:10:30',NULL),(477,5,78,NULL,NULL,NULL,NULL,NULL,'2018-11-15 08:10:30',NULL,'2018-11-15 08:10:30','2018-11-15 08:10:30',1,'2018-11-15 08:10:30',NULL,'2018-11-15 08:10:30',NULL),(478,5,79,NULL,NULL,NULL,NULL,NULL,'2018-11-15 08:10:30',NULL,'2018-11-15 08:10:30','2018-11-15 08:10:30',1,'2018-11-15 08:10:30',NULL,'2018-11-15 08:10:30',NULL),(479,5,80,NULL,NULL,NULL,NULL,NULL,'2018-11-15 08:10:30',NULL,'2018-11-15 08:10:30','2018-11-15 08:10:30',1,'2018-11-15 08:10:30',NULL,'2018-11-15 08:10:30',NULL),(480,5,81,NULL,NULL,NULL,NULL,NULL,'2018-11-15 08:10:30',NULL,'2018-11-15 08:10:30','2018-11-15 08:10:30',1,'2018-11-15 08:10:30',NULL,'2018-11-15 08:10:30',NULL),(481,5,82,NULL,NULL,NULL,NULL,NULL,'2018-11-15 08:10:30',NULL,'2018-11-15 08:10:30','2018-11-15 08:10:30',1,'2018-11-15 08:10:30',NULL,'2018-11-15 08:10:30',NULL),(482,5,83,NULL,NULL,NULL,NULL,NULL,'2018-11-15 08:10:30',NULL,'2018-11-15 08:10:30','2018-11-15 08:10:30',1,'2018-11-15 08:10:30',NULL,'2018-11-15 08:10:30',NULL),(483,5,85,NULL,NULL,NULL,NULL,NULL,'2018-11-15 08:10:30',NULL,'2018-11-15 08:10:30','2018-11-15 08:10:30',1,'2018-11-15 08:10:30',NULL,'2018-11-15 08:10:30',NULL),(484,5,87,NULL,NULL,NULL,NULL,NULL,'2018-11-15 08:10:30',NULL,'2018-11-15 08:10:30','2018-11-15 08:10:30',1,'2018-11-15 08:10:30',NULL,'2018-11-15 08:10:30',NULL),(485,5,89,NULL,NULL,NULL,NULL,NULL,'2018-11-15 08:10:30',NULL,'2018-11-15 08:10:30','2018-11-15 08:10:30',1,'2018-11-15 08:10:30',NULL,'2018-11-15 08:10:30',NULL),(486,5,91,NULL,NULL,NULL,NULL,NULL,'2018-11-15 08:10:30',NULL,'2018-11-15 08:10:30','2018-11-15 08:10:30',1,'2018-11-15 08:10:30',NULL,'2018-11-15 08:10:30',NULL),(487,5,93,NULL,NULL,NULL,NULL,NULL,'2018-11-15 08:10:30',NULL,'2018-11-15 08:10:30','2018-11-15 08:10:30',1,'2018-11-15 08:10:30',NULL,'2018-11-15 08:10:30',NULL),(488,5,95,NULL,NULL,NULL,NULL,NULL,'2018-11-15 08:10:30',NULL,'2018-11-15 08:10:30','2018-11-15 08:10:30',1,'2018-11-15 08:10:30',NULL,'2018-11-15 08:10:30',NULL),(489,5,97,NULL,NULL,NULL,NULL,NULL,'2018-11-15 08:10:30',NULL,'2018-11-15 08:10:30','2018-11-15 08:10:30',1,'2018-11-15 08:10:30',NULL,'2018-11-15 08:10:30',NULL),(490,5,99,NULL,NULL,NULL,NULL,NULL,'2018-11-15 08:10:30',NULL,'2018-11-15 08:10:30','2018-11-15 08:10:30',1,'2018-11-15 08:10:30',NULL,'2018-11-15 08:10:30',NULL),(491,5,101,NULL,NULL,NULL,NULL,NULL,'2018-11-15 08:10:30',NULL,'2018-11-15 08:10:30','2018-11-15 08:10:30',1,'2018-11-15 08:10:30',NULL,'2018-11-15 08:10:30',NULL),(492,5,103,NULL,NULL,NULL,NULL,NULL,'2018-11-15 08:10:30',NULL,'2018-11-15 08:10:30','2018-11-15 08:10:30',1,'2018-11-15 08:10:30',NULL,'2018-11-15 08:10:30',NULL),(493,5,105,NULL,NULL,NULL,NULL,NULL,'2018-11-15 08:10:30',NULL,'2018-11-15 08:10:30','2018-11-15 08:10:30',1,'2018-11-15 08:10:30',NULL,'2018-11-15 08:10:30',NULL),(494,5,106,NULL,NULL,NULL,NULL,NULL,'2018-11-15 08:10:30',NULL,'2018-11-15 08:10:30','2018-11-15 08:10:30',1,'2018-11-15 08:10:30',NULL,'2018-11-15 08:10:30',NULL),(495,5,107,NULL,NULL,NULL,NULL,NULL,'2018-11-15 08:10:30',NULL,'2018-11-15 08:10:30','2018-11-15 08:10:30',1,'2018-11-15 08:10:30',NULL,'2018-11-15 08:10:30',NULL),(496,5,108,NULL,NULL,NULL,NULL,NULL,'2018-11-15 08:10:30',NULL,'2018-11-15 08:10:30','2018-11-15 08:10:30',1,'2018-11-15 08:10:30',NULL,'2018-11-15 08:10:30',NULL),(497,5,109,NULL,NULL,NULL,NULL,NULL,'2018-11-15 08:10:30',NULL,'2018-11-15 08:10:30','2018-11-15 08:10:30',1,'2018-11-15 08:10:30',NULL,'2018-11-15 08:10:30',NULL),(498,5,110,NULL,NULL,NULL,NULL,NULL,'2018-11-15 08:10:30',NULL,'2018-11-15 08:10:30','2018-11-15 08:10:30',1,'2018-11-15 08:10:30',NULL,'2018-11-15 08:10:30',NULL),(499,5,111,NULL,NULL,NULL,NULL,NULL,'2018-11-15 08:10:30',NULL,'2018-11-15 08:10:30','2018-11-15 08:10:30',1,'2018-11-15 08:10:30',NULL,'2018-11-15 08:10:30',NULL),(500,5,112,NULL,NULL,NULL,NULL,NULL,'2018-11-15 08:10:30',NULL,'2018-11-15 08:10:30','2018-11-15 08:10:30',1,'2018-11-15 08:10:30',NULL,'2018-11-15 08:10:30',NULL),(501,6,1,NULL,NULL,NULL,NULL,NULL,'2018-11-15 08:10:52',NULL,'2018-11-15 08:10:52','2018-11-15 08:10:52',1,'2018-11-15 08:10:52',NULL,'2018-11-15 08:10:52',NULL),(502,6,2,NULL,NULL,NULL,NULL,NULL,'2018-11-15 08:10:52',NULL,'2018-11-15 08:10:52','2018-11-15 08:10:52',1,'2018-11-15 08:10:52',NULL,'2018-11-15 08:10:52',NULL),(503,6,3,NULL,NULL,NULL,NULL,NULL,'2018-11-15 08:10:52',NULL,'2018-11-15 08:10:52','2018-11-15 08:10:52',1,'2018-11-15 08:10:52',NULL,'2018-11-15 08:10:52',NULL),(504,6,4,NULL,NULL,NULL,NULL,NULL,'2018-11-15 08:10:52',NULL,'2018-11-15 08:10:52','2018-11-15 08:10:52',1,'2018-11-15 08:10:52',NULL,'2018-11-15 08:10:52',NULL),(505,6,5,NULL,NULL,NULL,NULL,NULL,'2018-11-15 08:10:53',NULL,'2018-11-15 08:10:53','2018-11-15 08:10:53',1,'2018-11-15 08:10:53',NULL,'2018-11-15 08:10:53',NULL),(506,6,6,NULL,NULL,NULL,NULL,NULL,'2018-11-15 08:10:53',NULL,'2018-11-15 08:10:53','2018-11-15 08:10:53',1,'2018-11-15 08:10:53',NULL,'2018-11-15 08:10:53',NULL),(507,6,7,NULL,NULL,NULL,NULL,NULL,'2018-11-15 08:10:53',NULL,'2018-11-15 08:10:53','2018-11-15 08:10:53',1,'2018-11-15 08:10:53',NULL,'2018-11-15 08:10:53',NULL),(508,6,8,NULL,NULL,NULL,NULL,NULL,'2018-11-15 08:10:53',NULL,'2018-11-15 08:10:53','2018-11-15 08:10:53',1,'2018-11-15 08:10:53',NULL,'2018-11-15 08:10:53',NULL),(509,6,9,NULL,NULL,NULL,NULL,NULL,'2018-11-15 08:10:53',NULL,'2018-11-15 08:10:53','2018-11-15 08:10:53',1,'2018-11-15 08:10:53',NULL,'2018-11-15 08:10:53',NULL),(510,6,10,NULL,NULL,NULL,NULL,NULL,'2018-11-15 08:10:53',NULL,'2018-11-15 08:10:53','2018-11-15 08:10:53',1,'2018-11-15 08:10:53',NULL,'2018-11-15 08:10:53',NULL),(511,6,11,NULL,NULL,NULL,NULL,NULL,'2018-11-15 08:10:53',NULL,'2018-11-15 08:10:53','2018-11-15 08:10:53',1,'2018-11-15 08:10:53',NULL,'2018-11-15 08:10:53',NULL),(512,6,12,NULL,NULL,NULL,NULL,NULL,'2018-11-15 08:10:53',NULL,'2018-11-15 08:10:53','2018-11-15 08:10:53',1,'2018-11-15 08:10:53',NULL,'2018-11-15 08:10:53',NULL),(513,6,13,NULL,NULL,NULL,NULL,NULL,'2018-11-15 08:10:53',NULL,'2018-11-15 08:10:53','2018-11-15 08:10:53',1,'2018-11-15 08:10:53',NULL,'2018-11-15 08:10:53',NULL),(514,6,14,NULL,NULL,NULL,NULL,NULL,'2018-11-15 08:10:53',NULL,'2018-11-15 08:10:53','2018-11-15 08:10:53',1,'2018-11-15 08:10:53',NULL,'2018-11-15 08:10:53',NULL),(515,6,15,NULL,NULL,NULL,NULL,NULL,'2018-11-15 08:10:53',NULL,'2018-11-15 08:10:53','2018-11-15 08:10:53',1,'2018-11-15 08:10:53',NULL,'2018-11-15 08:10:53',NULL),(516,6,16,NULL,NULL,NULL,NULL,NULL,'2018-11-15 08:10:53',NULL,'2018-11-15 08:10:53','2018-11-15 08:10:53',1,'2018-11-15 08:10:53',NULL,'2018-11-15 08:10:53',NULL),(517,6,17,NULL,NULL,NULL,NULL,NULL,'2018-11-15 08:10:53',NULL,'2018-11-15 08:10:53','2018-11-15 08:10:53',1,'2018-11-15 08:10:53',NULL,'2018-11-15 08:10:53',NULL),(518,6,18,NULL,NULL,NULL,NULL,NULL,'2018-11-15 08:10:53',NULL,'2018-11-15 08:10:53','2018-11-15 08:10:53',1,'2018-11-15 08:10:53',NULL,'2018-11-15 08:10:53',NULL),(519,6,19,NULL,NULL,NULL,NULL,NULL,'2018-11-15 08:10:53',NULL,'2018-11-15 08:10:53','2018-11-15 08:10:53',1,'2018-11-15 08:10:53',NULL,'2018-11-15 08:10:53',NULL),(520,6,20,NULL,NULL,NULL,NULL,NULL,'2018-11-15 08:10:53',NULL,'2018-11-15 08:10:53','2018-11-15 08:10:53',1,'2018-11-15 08:10:53',NULL,'2018-11-15 08:10:53',NULL),(521,6,21,NULL,NULL,NULL,NULL,NULL,'2018-11-15 08:10:53',NULL,'2018-11-15 08:10:53','2018-11-15 08:10:53',1,'2018-11-15 08:10:53',NULL,'2018-11-15 08:10:53',NULL),(522,6,22,NULL,NULL,NULL,NULL,NULL,'2018-11-15 08:10:53',NULL,'2018-11-15 08:10:53','2018-11-15 08:10:53',1,'2018-11-15 08:10:53',NULL,'2018-11-15 08:10:53',NULL),(523,6,23,NULL,NULL,NULL,NULL,NULL,'2018-11-15 08:10:53',NULL,'2018-11-15 08:10:53','2018-11-15 08:10:53',1,'2018-11-15 08:10:53',NULL,'2018-11-15 08:10:53',NULL),(524,6,24,NULL,NULL,NULL,NULL,NULL,'2018-11-15 08:10:53',NULL,'2018-11-15 08:10:53','2018-11-15 08:10:53',1,'2018-11-15 08:10:53',NULL,'2018-11-15 08:10:53',NULL),(525,6,25,NULL,NULL,NULL,NULL,NULL,'2018-11-15 08:10:53',NULL,'2018-11-15 08:10:53','2018-11-15 08:10:53',1,'2018-11-15 08:10:53',NULL,'2018-11-15 08:10:53',NULL),(526,6,26,NULL,NULL,NULL,NULL,NULL,'2018-11-15 08:10:53',NULL,'2018-11-15 08:10:53','2018-11-15 08:10:53',1,'2018-11-15 08:10:53',NULL,'2018-11-15 08:10:53',NULL),(527,6,27,NULL,NULL,NULL,NULL,NULL,'2018-11-15 08:10:53',NULL,'2018-11-15 08:10:53','2018-11-15 08:10:53',1,'2018-11-15 08:10:53',NULL,'2018-11-15 08:10:53',NULL),(528,6,28,NULL,NULL,NULL,NULL,NULL,'2018-11-15 08:10:53',NULL,'2018-11-15 08:10:53','2018-11-15 08:10:53',1,'2018-11-15 08:10:53',NULL,'2018-11-15 08:10:53',NULL),(529,6,29,NULL,NULL,NULL,NULL,NULL,'2018-11-15 08:10:53',NULL,'2018-11-15 08:10:53','2018-11-15 08:10:53',1,'2018-11-15 08:10:53',NULL,'2018-11-15 08:10:53',NULL),(530,6,30,NULL,NULL,NULL,NULL,NULL,'2018-11-15 08:10:53',NULL,'2018-11-15 08:10:53','2018-11-15 08:10:53',1,'2018-11-15 08:10:53',NULL,'2018-11-15 08:10:53',NULL),(531,6,31,NULL,NULL,NULL,NULL,NULL,'2018-11-15 08:10:53',NULL,'2018-11-15 08:10:53','2018-11-15 08:10:53',1,'2018-11-15 08:10:53',NULL,'2018-11-15 08:10:53',NULL),(532,6,32,NULL,NULL,NULL,NULL,NULL,'2018-11-15 08:10:53',NULL,'2018-11-15 08:10:53','2018-11-15 08:10:53',1,'2018-11-15 08:10:53',NULL,'2018-11-15 08:10:53',NULL),(533,6,33,NULL,NULL,NULL,NULL,NULL,'2018-11-15 08:10:53',NULL,'2018-11-15 08:10:53','2018-11-15 08:10:53',1,'2018-11-15 08:10:53',NULL,'2018-11-15 08:10:53',NULL),(534,6,34,NULL,NULL,NULL,NULL,NULL,'2018-11-15 08:10:53',NULL,'2018-11-15 08:10:53','2018-11-15 08:10:53',1,'2018-11-15 08:10:53',NULL,'2018-11-15 08:10:53',NULL),(535,6,35,NULL,NULL,NULL,NULL,NULL,'2018-11-15 08:10:53',NULL,'2018-11-15 08:10:53','2018-11-15 08:10:53',1,'2018-11-15 08:10:53',NULL,'2018-11-15 08:10:53',NULL),(536,6,36,NULL,NULL,NULL,NULL,NULL,'2018-11-15 08:10:53',NULL,'2018-11-15 08:10:53','2018-11-15 08:10:53',1,'2018-11-15 08:10:53',NULL,'2018-11-15 08:10:53',NULL),(537,6,37,NULL,NULL,NULL,NULL,NULL,'2018-11-15 08:10:53',NULL,'2018-11-15 08:10:53','2018-11-15 08:10:53',1,'2018-11-15 08:10:53',NULL,'2018-11-15 08:10:53',NULL),(538,6,38,NULL,NULL,NULL,NULL,NULL,'2018-11-15 08:10:53',NULL,'2018-11-15 08:10:53','2018-11-15 08:10:53',1,'2018-11-15 08:10:53',NULL,'2018-11-15 08:10:53',NULL),(539,6,39,NULL,NULL,NULL,NULL,NULL,'2018-11-15 08:10:53',NULL,'2018-11-15 08:10:53','2018-11-15 08:10:53',1,'2018-11-15 08:10:53',NULL,'2018-11-15 08:10:53',NULL),(540,6,40,NULL,NULL,NULL,NULL,NULL,'2018-11-15 08:10:53',NULL,'2018-11-15 08:10:53','2018-11-15 08:10:53',1,'2018-11-15 08:10:53',NULL,'2018-11-15 08:10:53',NULL),(541,6,41,NULL,NULL,NULL,NULL,NULL,'2018-11-15 08:10:53',NULL,'2018-11-15 08:10:53','2018-11-15 08:10:53',1,'2018-11-15 08:10:53',NULL,'2018-11-15 08:10:53',NULL),(542,6,42,NULL,NULL,NULL,NULL,NULL,'2018-11-15 08:10:53',NULL,'2018-11-15 08:10:53','2018-11-15 08:10:53',1,'2018-11-15 08:10:53',NULL,'2018-11-15 08:10:53',NULL),(543,6,43,NULL,NULL,NULL,NULL,NULL,'2018-11-15 08:10:53',NULL,'2018-11-15 08:10:53','2018-11-15 08:10:53',1,'2018-11-15 08:10:53',NULL,'2018-11-15 08:10:53',NULL),(544,6,44,NULL,NULL,NULL,NULL,NULL,'2018-11-15 08:10:53',NULL,'2018-11-15 08:10:53','2018-11-15 08:10:53',1,'2018-11-15 08:10:53',NULL,'2018-11-15 08:10:53',NULL),(545,6,45,NULL,NULL,NULL,NULL,NULL,'2018-11-15 08:10:53',NULL,'2018-11-15 08:10:53','2018-11-15 08:10:53',1,'2018-11-15 08:10:53',NULL,'2018-11-15 08:10:53',NULL),(546,6,46,NULL,NULL,NULL,NULL,NULL,'2018-11-15 08:10:53',NULL,'2018-11-15 08:10:53','2018-11-15 08:10:53',1,'2018-11-15 08:10:53',NULL,'2018-11-15 08:10:53',NULL),(547,6,47,NULL,NULL,NULL,NULL,NULL,'2018-11-15 08:10:53',NULL,'2018-11-15 08:10:53','2018-11-15 08:10:53',1,'2018-11-15 08:10:53',NULL,'2018-11-15 08:10:53',NULL),(548,6,48,NULL,NULL,NULL,NULL,NULL,'2018-11-15 08:10:53',NULL,'2018-11-15 08:10:53','2018-11-15 08:10:53',1,'2018-11-15 08:10:53',NULL,'2018-11-15 08:10:53',NULL),(549,6,49,NULL,NULL,NULL,NULL,NULL,'2018-11-15 08:10:53',NULL,'2018-11-15 08:10:53','2018-11-15 08:10:53',1,'2018-11-15 08:10:53',NULL,'2018-11-15 08:10:53',NULL),(550,6,50,NULL,NULL,NULL,NULL,NULL,'2018-11-15 08:10:53',NULL,'2018-11-15 08:10:53','2018-11-15 08:10:53',1,'2018-11-15 08:10:53',NULL,'2018-11-15 08:10:53',NULL),(551,6,51,NULL,NULL,NULL,NULL,NULL,'2018-11-15 08:10:53',NULL,'2018-11-15 08:10:53','2018-11-15 08:10:53',1,'2018-11-15 08:10:53',NULL,'2018-11-15 08:10:53',NULL),(552,6,52,NULL,NULL,NULL,NULL,NULL,'2018-11-15 08:10:53',NULL,'2018-11-15 08:10:53','2018-11-15 08:10:53',1,'2018-11-15 08:10:53',NULL,'2018-11-15 08:10:53',NULL),(553,6,53,NULL,NULL,NULL,NULL,NULL,'2018-11-15 08:10:53',NULL,'2018-11-15 08:10:53','2018-11-15 08:10:53',1,'2018-11-15 08:10:53',NULL,'2018-11-15 08:10:53',NULL),(554,6,54,NULL,NULL,NULL,NULL,NULL,'2018-11-15 08:10:53',NULL,'2018-11-15 08:10:53','2018-11-15 08:10:53',1,'2018-11-15 08:10:53',NULL,'2018-11-15 08:10:53',NULL),(555,6,55,NULL,NULL,NULL,NULL,NULL,'2018-11-15 08:10:53',NULL,'2018-11-15 08:10:53','2018-11-15 08:10:53',1,'2018-11-15 08:10:53',NULL,'2018-11-15 08:10:53',NULL),(556,6,56,NULL,NULL,NULL,NULL,NULL,'2018-11-15 08:10:53',NULL,'2018-11-15 08:10:53','2018-11-15 08:10:53',1,'2018-11-15 08:10:53',NULL,'2018-11-15 08:10:53',NULL),(557,6,57,NULL,NULL,NULL,NULL,NULL,'2018-11-15 08:10:53',NULL,'2018-11-15 08:10:53','2018-11-15 08:10:53',1,'2018-11-15 08:10:53',NULL,'2018-11-15 08:10:53',NULL),(558,6,58,NULL,NULL,NULL,NULL,NULL,'2018-11-15 08:10:53',NULL,'2018-11-15 08:10:53','2018-11-15 08:10:53',1,'2018-11-15 08:10:53',NULL,'2018-11-15 08:10:53',NULL),(559,6,59,NULL,NULL,NULL,NULL,NULL,'2018-11-15 08:10:53',NULL,'2018-11-15 08:10:53','2018-11-15 08:10:53',1,'2018-11-15 08:10:53',NULL,'2018-11-15 08:10:53',NULL),(560,6,60,NULL,NULL,NULL,NULL,NULL,'2018-11-15 08:10:53',NULL,'2018-11-15 08:10:53','2018-11-15 08:10:53',1,'2018-11-15 08:10:53',NULL,'2018-11-15 08:10:53',NULL),(561,6,61,NULL,NULL,NULL,NULL,NULL,'2018-11-15 08:10:53',NULL,'2018-11-15 08:10:53','2018-11-15 08:10:53',1,'2018-11-15 08:10:53',NULL,'2018-11-15 08:10:53',NULL),(562,6,62,NULL,NULL,NULL,NULL,NULL,'2018-11-15 08:10:53',NULL,'2018-11-15 08:10:53','2018-11-15 08:10:53',1,'2018-11-15 08:10:53',NULL,'2018-11-15 08:10:53',NULL),(563,6,63,NULL,NULL,NULL,NULL,NULL,'2018-11-15 08:10:53',NULL,'2018-11-15 08:10:53','2018-11-15 08:10:53',1,'2018-11-15 08:10:53',NULL,'2018-11-15 08:10:53',NULL),(564,6,64,NULL,NULL,NULL,NULL,NULL,'2018-11-15 08:10:53',NULL,'2018-11-15 08:10:53','2018-11-15 08:10:53',1,'2018-11-15 08:10:53',NULL,'2018-11-15 08:10:53',NULL),(565,6,65,NULL,NULL,NULL,NULL,NULL,'2018-11-15 08:10:53',NULL,'2018-11-15 08:10:53','2018-11-15 08:10:53',1,'2018-11-15 08:10:53',NULL,'2018-11-15 08:10:53',NULL),(566,6,66,NULL,NULL,NULL,NULL,NULL,'2018-11-15 08:10:53',NULL,'2018-11-15 08:10:53','2018-11-15 08:10:53',1,'2018-11-15 08:10:53',NULL,'2018-11-15 08:10:53',NULL),(567,6,68,NULL,NULL,NULL,NULL,NULL,'2018-11-15 08:10:54',NULL,'2018-11-15 08:10:54','2018-11-15 08:10:54',1,'2018-11-15 08:10:54',NULL,'2018-11-15 08:10:54',NULL),(568,6,69,NULL,NULL,NULL,NULL,NULL,'2018-11-15 08:10:54',NULL,'2018-11-15 08:10:54','2018-11-15 08:10:54',1,'2018-11-15 08:10:54',NULL,'2018-11-15 08:10:54',NULL),(569,6,70,NULL,NULL,NULL,NULL,NULL,'2018-11-15 08:10:54',NULL,'2018-11-15 08:10:54','2018-11-15 08:10:54',1,'2018-11-15 08:10:54',NULL,'2018-11-15 08:10:54',NULL),(570,6,71,NULL,NULL,NULL,NULL,NULL,'2018-11-15 08:10:54',NULL,'2018-11-15 08:10:54','2018-11-15 08:10:54',1,'2018-11-15 08:10:54',NULL,'2018-11-15 08:10:54',NULL),(571,6,72,NULL,NULL,NULL,NULL,NULL,'2018-11-15 08:10:54',NULL,'2018-11-15 08:10:54','2018-11-15 08:10:54',1,'2018-11-15 08:10:54',NULL,'2018-11-15 08:10:54',NULL),(572,6,73,NULL,NULL,NULL,NULL,NULL,'2018-11-15 08:10:54',NULL,'2018-11-15 08:10:54','2018-11-15 08:10:54',1,'2018-11-15 08:10:54',NULL,'2018-11-15 08:10:54',NULL),(573,6,74,NULL,NULL,NULL,NULL,NULL,'2018-11-15 08:10:54',NULL,'2018-11-15 08:10:54','2018-11-15 08:10:54',1,'2018-11-15 08:10:54',NULL,'2018-11-15 08:10:54',NULL),(574,6,75,NULL,NULL,NULL,NULL,NULL,'2018-11-15 08:10:54',NULL,'2018-11-15 08:10:54','2018-11-15 08:10:54',1,'2018-11-15 08:10:54',NULL,'2018-11-15 08:10:54',NULL),(575,6,76,NULL,NULL,NULL,NULL,NULL,'2018-11-15 08:10:54',NULL,'2018-11-15 08:10:54','2018-11-15 08:10:54',1,'2018-11-15 08:10:54',NULL,'2018-11-15 08:10:54',NULL),(576,6,77,NULL,NULL,NULL,NULL,NULL,'2018-11-15 08:10:54',NULL,'2018-11-15 08:10:54','2018-11-15 08:10:54',1,'2018-11-15 08:10:54',NULL,'2018-11-15 08:10:54',NULL),(577,6,78,NULL,NULL,NULL,NULL,NULL,'2018-11-15 08:10:54',NULL,'2018-11-15 08:10:54','2018-11-15 08:10:54',1,'2018-11-15 08:10:54',NULL,'2018-11-15 08:10:54',NULL),(578,6,79,NULL,NULL,NULL,NULL,NULL,'2018-11-15 08:10:54',NULL,'2018-11-15 08:10:54','2018-11-15 08:10:54',1,'2018-11-15 08:10:54',NULL,'2018-11-15 08:10:54',NULL),(579,6,80,NULL,NULL,NULL,NULL,NULL,'2018-11-15 08:10:54',NULL,'2018-11-15 08:10:54','2018-11-15 08:10:54',1,'2018-11-15 08:10:54',NULL,'2018-11-15 08:10:54',NULL),(580,6,81,NULL,NULL,NULL,NULL,NULL,'2018-11-15 08:10:54',NULL,'2018-11-15 08:10:54','2018-11-15 08:10:54',1,'2018-11-15 08:10:54',NULL,'2018-11-15 08:10:54',NULL),(581,6,82,NULL,NULL,NULL,NULL,NULL,'2018-11-15 08:10:54',NULL,'2018-11-15 08:10:54','2018-11-15 08:10:54',1,'2018-11-15 08:10:54',NULL,'2018-11-15 08:10:54',NULL),(582,6,83,NULL,NULL,NULL,NULL,NULL,'2018-11-15 08:10:54',NULL,'2018-11-15 08:10:54','2018-11-15 08:10:54',1,'2018-11-15 08:10:54',NULL,'2018-11-15 08:10:54',NULL),(583,6,85,NULL,NULL,NULL,NULL,NULL,'2018-11-15 08:10:54',NULL,'2018-11-15 08:10:54','2018-11-15 08:10:54',1,'2018-11-15 08:10:54',NULL,'2018-11-15 08:10:54',NULL),(584,6,87,NULL,NULL,NULL,NULL,NULL,'2018-11-15 08:10:54',NULL,'2018-11-15 08:10:54','2018-11-15 08:10:54',1,'2018-11-15 08:10:54',NULL,'2018-11-15 08:10:54',NULL),(585,6,89,NULL,NULL,NULL,NULL,NULL,'2018-11-15 08:10:54',NULL,'2018-11-15 08:10:54','2018-11-15 08:10:54',1,'2018-11-15 08:10:54',NULL,'2018-11-15 08:10:54',NULL),(586,6,91,NULL,NULL,NULL,NULL,NULL,'2018-11-15 08:10:54',NULL,'2018-11-15 08:10:54','2018-11-15 08:10:54',1,'2018-11-15 08:10:54',NULL,'2018-11-15 08:10:54',NULL),(587,6,93,NULL,NULL,NULL,NULL,NULL,'2018-11-15 08:10:54',NULL,'2018-11-15 08:10:54','2018-11-15 08:10:54',1,'2018-11-15 08:10:54',NULL,'2018-11-15 08:10:54',NULL),(588,6,95,NULL,NULL,NULL,NULL,NULL,'2018-11-15 08:10:54',NULL,'2018-11-15 08:10:54','2018-11-15 08:10:54',1,'2018-11-15 08:10:54',NULL,'2018-11-15 08:10:54',NULL),(589,6,97,NULL,NULL,NULL,NULL,NULL,'2018-11-15 08:10:54',NULL,'2018-11-15 08:10:54','2018-11-15 08:10:54',1,'2018-11-15 08:10:54',NULL,'2018-11-15 08:10:54',NULL),(590,6,99,NULL,NULL,NULL,NULL,NULL,'2018-11-15 08:10:54',NULL,'2018-11-15 08:10:54','2018-11-15 08:10:54',1,'2018-11-15 08:10:54',NULL,'2018-11-15 08:10:54',NULL),(591,6,101,NULL,NULL,NULL,NULL,NULL,'2018-11-15 08:10:54',NULL,'2018-11-15 08:10:54','2018-11-15 08:10:54',1,'2018-11-15 08:10:54',NULL,'2018-11-15 08:10:54',NULL),(592,6,103,NULL,NULL,NULL,NULL,NULL,'2018-11-15 08:10:54',NULL,'2018-11-15 08:10:54','2018-11-15 08:10:54',1,'2018-11-15 08:10:54',NULL,'2018-11-15 08:10:54',NULL),(593,6,105,NULL,NULL,NULL,NULL,NULL,'2018-11-15 08:10:54',NULL,'2018-11-15 08:10:54','2018-11-15 08:10:54',1,'2018-11-15 08:10:54',NULL,'2018-11-15 08:10:54',NULL),(594,6,106,NULL,NULL,NULL,NULL,NULL,'2018-11-15 08:10:54',NULL,'2018-11-15 08:10:54','2018-11-15 08:10:54',1,'2018-11-15 08:10:54',NULL,'2018-11-15 08:10:54',NULL),(595,6,107,NULL,NULL,NULL,NULL,NULL,'2018-11-15 08:10:54',NULL,'2018-11-15 08:10:54','2018-11-15 08:10:54',1,'2018-11-15 08:10:54',NULL,'2018-11-15 08:10:54',NULL),(596,6,108,NULL,NULL,NULL,NULL,NULL,'2018-11-15 08:10:54',NULL,'2018-11-15 08:10:54','2018-11-15 08:10:54',1,'2018-11-15 08:10:54',NULL,'2018-11-15 08:10:54',NULL),(597,6,109,NULL,NULL,NULL,NULL,NULL,'2018-11-15 08:10:54',NULL,'2018-11-15 08:10:54','2018-11-15 08:10:54',1,'2018-11-15 08:10:54',NULL,'2018-11-15 08:10:54',NULL),(598,6,110,NULL,NULL,NULL,NULL,NULL,'2018-11-15 08:10:54',NULL,'2018-11-15 08:10:54','2018-11-15 08:10:54',1,'2018-11-15 08:10:54',NULL,'2018-11-15 08:10:54',NULL),(599,6,111,NULL,NULL,NULL,NULL,NULL,'2018-11-15 08:10:54',NULL,'2018-11-15 08:10:54','2018-11-15 08:10:54',1,'2018-11-15 08:10:54',NULL,'2018-11-15 08:10:54',NULL),(600,6,112,NULL,NULL,NULL,NULL,NULL,'2018-11-15 08:10:54',NULL,'2018-11-15 08:10:54','2018-11-15 08:10:54',1,'2018-11-15 08:10:54',NULL,'2018-11-15 08:10:54',NULL),(601,7,1,NULL,NULL,NULL,NULL,NULL,'2018-11-15 08:11:24',NULL,'2018-11-15 08:11:24','2018-11-15 08:11:24',1,'2018-11-15 08:11:24',NULL,'2018-11-15 08:11:24',NULL),(602,7,2,NULL,NULL,NULL,NULL,NULL,'2018-11-15 08:11:24',NULL,'2018-11-15 08:11:24','2018-11-15 08:11:24',1,'2018-11-15 08:11:24',NULL,'2018-11-15 08:11:24',NULL),(603,7,3,NULL,NULL,NULL,NULL,NULL,'2018-11-15 08:11:24',NULL,'2018-11-15 08:11:24','2018-11-15 08:11:24',1,'2018-11-15 08:11:24',NULL,'2018-11-15 08:11:24',NULL),(604,7,4,NULL,NULL,NULL,NULL,NULL,'2018-11-15 08:11:24',NULL,'2018-11-15 08:11:24','2018-11-15 08:11:24',1,'2018-11-15 08:11:24',NULL,'2018-11-15 08:11:24',NULL),(605,7,5,NULL,NULL,NULL,NULL,NULL,'2018-11-15 08:11:24',NULL,'2018-11-15 08:11:24','2018-11-15 08:11:24',1,'2018-11-15 08:11:24',NULL,'2018-11-15 08:11:24',NULL),(606,7,6,NULL,NULL,NULL,NULL,NULL,'2018-11-15 08:11:24',NULL,'2018-11-15 08:11:24','2018-11-15 08:11:24',1,'2018-11-15 08:11:24',NULL,'2018-11-15 08:11:24',NULL),(607,7,7,NULL,NULL,NULL,NULL,NULL,'2018-11-15 08:11:24',NULL,'2018-11-15 08:11:24','2018-11-15 08:11:24',1,'2018-11-15 08:11:24',NULL,'2018-11-15 08:11:24',NULL),(608,7,8,NULL,NULL,NULL,NULL,NULL,'2018-11-15 08:11:24',NULL,'2018-11-15 08:11:24','2018-11-15 08:11:24',1,'2018-11-15 08:11:24',NULL,'2018-11-15 08:11:24',NULL),(609,7,9,NULL,NULL,NULL,NULL,NULL,'2018-11-15 08:11:24',NULL,'2018-11-15 08:11:24','2018-11-15 08:11:24',1,'2018-11-15 08:11:24',NULL,'2018-11-15 08:11:24',NULL),(610,7,10,NULL,NULL,NULL,NULL,NULL,'2018-11-15 08:11:24',NULL,'2018-11-15 08:11:24','2018-11-15 08:11:24',1,'2018-11-15 08:11:24',NULL,'2018-11-15 08:11:24',NULL),(611,7,11,NULL,NULL,NULL,NULL,NULL,'2018-11-15 08:11:24',NULL,'2018-11-15 08:11:24','2018-11-15 08:11:24',1,'2018-11-15 08:11:24',NULL,'2018-11-15 08:11:24',NULL),(612,7,12,NULL,NULL,NULL,NULL,NULL,'2018-11-15 08:11:24',NULL,'2018-11-15 08:11:24','2018-11-15 08:11:24',1,'2018-11-15 08:11:24',NULL,'2018-11-15 08:11:24',NULL),(613,7,13,NULL,NULL,NULL,NULL,NULL,'2018-11-15 08:11:24',NULL,'2018-11-15 08:11:24','2018-11-15 08:11:24',1,'2018-11-15 08:11:24',NULL,'2018-11-15 08:11:24',NULL),(614,7,14,NULL,NULL,NULL,NULL,NULL,'2018-11-15 08:11:24',NULL,'2018-11-15 08:11:24','2018-11-15 08:11:24',1,'2018-11-15 08:11:24',NULL,'2018-11-15 08:11:24',NULL),(615,7,15,NULL,NULL,NULL,NULL,NULL,'2018-11-15 08:11:24',NULL,'2018-11-15 08:11:24','2018-11-15 08:11:24',1,'2018-11-15 08:11:24',NULL,'2018-11-15 08:11:24',NULL),(616,7,16,NULL,NULL,NULL,NULL,NULL,'2018-11-15 08:11:24',NULL,'2018-11-15 08:11:24','2018-11-15 08:11:24',1,'2018-11-15 08:11:24',NULL,'2018-11-15 08:11:24',NULL),(617,7,17,NULL,NULL,NULL,NULL,NULL,'2018-11-15 08:11:24',NULL,'2018-11-15 08:11:24','2018-11-15 08:11:24',1,'2018-11-15 08:11:24',NULL,'2018-11-15 08:11:24',NULL),(618,7,18,NULL,NULL,NULL,NULL,NULL,'2018-11-15 08:11:24',NULL,'2018-11-15 08:11:24','2018-11-15 08:11:24',1,'2018-11-15 08:11:24',NULL,'2018-11-15 08:11:24',NULL),(619,7,19,NULL,NULL,NULL,NULL,NULL,'2018-11-15 08:11:24',NULL,'2018-11-15 08:11:24','2018-11-15 08:11:24',1,'2018-11-15 08:11:24',NULL,'2018-11-15 08:11:24',NULL),(620,7,20,NULL,NULL,NULL,NULL,NULL,'2018-11-15 08:11:24',NULL,'2018-11-15 08:11:24','2018-11-15 08:11:24',1,'2018-11-15 08:11:24',NULL,'2018-11-15 08:11:24',NULL),(621,7,21,NULL,NULL,NULL,NULL,NULL,'2018-11-15 08:11:24',NULL,'2018-11-15 08:11:24','2018-11-15 08:11:24',1,'2018-11-15 08:11:24',NULL,'2018-11-15 08:11:24',NULL),(622,7,22,NULL,NULL,NULL,NULL,NULL,'2018-11-15 08:11:24',NULL,'2018-11-15 08:11:24','2018-11-15 08:11:24',1,'2018-11-15 08:11:24',NULL,'2018-11-15 08:11:24',NULL),(623,7,23,NULL,NULL,NULL,NULL,NULL,'2018-11-15 08:11:24',NULL,'2018-11-15 08:11:24','2018-11-15 08:11:24',1,'2018-11-15 08:11:24',NULL,'2018-11-15 08:11:24',NULL),(624,7,24,NULL,NULL,NULL,NULL,NULL,'2018-11-15 08:11:24',NULL,'2018-11-15 08:11:24','2018-11-15 08:11:24',1,'2018-11-15 08:11:24',NULL,'2018-11-15 08:11:24',NULL),(625,7,25,NULL,NULL,NULL,NULL,NULL,'2018-11-15 08:11:24',NULL,'2018-11-15 08:11:24','2018-11-15 08:11:24',1,'2018-11-15 08:11:24',NULL,'2018-11-15 08:11:24',NULL),(626,7,26,NULL,NULL,NULL,NULL,NULL,'2018-11-15 08:11:24',NULL,'2018-11-15 08:11:24','2018-11-15 08:11:24',1,'2018-11-15 08:11:24',NULL,'2018-11-15 08:11:24',NULL),(627,7,27,NULL,NULL,NULL,NULL,NULL,'2018-11-15 08:11:24',NULL,'2018-11-15 08:11:24','2018-11-15 08:11:24',1,'2018-11-15 08:11:24',NULL,'2018-11-15 08:11:24',NULL),(628,7,28,NULL,NULL,NULL,NULL,NULL,'2018-11-15 08:11:24',NULL,'2018-11-15 08:11:24','2018-11-15 08:11:24',1,'2018-11-15 08:11:24',NULL,'2018-11-15 08:11:24',NULL),(629,7,29,NULL,NULL,NULL,NULL,NULL,'2018-11-15 08:11:24',NULL,'2018-11-15 08:11:24','2018-11-15 08:11:24',1,'2018-11-15 08:11:24',NULL,'2018-11-15 08:11:24',NULL),(630,7,30,NULL,NULL,NULL,NULL,NULL,'2018-11-15 08:11:24',NULL,'2018-11-15 08:11:24','2018-11-15 08:11:24',1,'2018-11-15 08:11:24',NULL,'2018-11-15 08:11:24',NULL),(631,7,31,NULL,NULL,NULL,NULL,NULL,'2018-11-15 08:11:24',NULL,'2018-11-15 08:11:24','2018-11-15 08:11:24',1,'2018-11-15 08:11:24',NULL,'2018-11-15 08:11:24',NULL),(632,7,32,NULL,NULL,NULL,NULL,NULL,'2018-11-15 08:11:24',NULL,'2018-11-15 08:11:24','2018-11-15 08:11:24',1,'2018-11-15 08:11:24',NULL,'2018-11-15 08:11:24',NULL),(633,7,33,NULL,NULL,NULL,NULL,NULL,'2018-11-15 08:11:24',NULL,'2018-11-15 08:11:24','2018-11-15 08:11:24',1,'2018-11-15 08:11:24',NULL,'2018-11-15 08:11:24',NULL),(634,7,34,NULL,NULL,NULL,NULL,NULL,'2018-11-15 08:11:24',NULL,'2018-11-15 08:11:24','2018-11-15 08:11:24',1,'2018-11-15 08:11:24',NULL,'2018-11-15 08:11:24',NULL),(635,7,35,NULL,NULL,NULL,NULL,NULL,'2018-11-15 08:11:24',NULL,'2018-11-15 08:11:24','2018-11-15 08:11:24',1,'2018-11-15 08:11:24',NULL,'2018-11-15 08:11:24',NULL),(636,7,36,NULL,NULL,NULL,NULL,NULL,'2018-11-15 08:11:24',NULL,'2018-11-15 08:11:24','2018-11-15 08:11:24',1,'2018-11-15 08:11:24',NULL,'2018-11-15 08:11:24',NULL),(637,7,37,NULL,NULL,NULL,NULL,NULL,'2018-11-15 08:11:24',NULL,'2018-11-15 08:11:24','2018-11-15 08:11:24',1,'2018-11-15 08:11:24',NULL,'2018-11-15 08:11:24',NULL),(638,7,38,NULL,NULL,NULL,NULL,NULL,'2018-11-15 08:11:24',NULL,'2018-11-15 08:11:24','2018-11-15 08:11:24',1,'2018-11-15 08:11:24',NULL,'2018-11-15 08:11:24',NULL),(639,7,39,NULL,NULL,NULL,NULL,NULL,'2018-11-15 08:11:24',NULL,'2018-11-15 08:11:24','2018-11-15 08:11:24',1,'2018-11-15 08:11:24',NULL,'2018-11-15 08:11:24',NULL),(640,7,40,NULL,NULL,NULL,NULL,NULL,'2018-11-15 08:11:24',NULL,'2018-11-15 08:11:24','2018-11-15 08:11:24',1,'2018-11-15 08:11:24',NULL,'2018-11-15 08:11:24',NULL),(641,7,41,NULL,NULL,NULL,NULL,NULL,'2018-11-15 08:11:24',NULL,'2018-11-15 08:11:24','2018-11-15 08:11:24',1,'2018-11-15 08:11:24',NULL,'2018-11-15 08:11:24',NULL),(642,7,42,NULL,NULL,NULL,NULL,NULL,'2018-11-15 08:11:24',NULL,'2018-11-15 08:11:24','2018-11-15 08:11:24',1,'2018-11-15 08:11:24',NULL,'2018-11-15 08:11:24',NULL),(643,7,43,NULL,NULL,NULL,NULL,NULL,'2018-11-15 08:11:24',NULL,'2018-11-15 08:11:24','2018-11-15 08:11:24',1,'2018-11-15 08:11:24',NULL,'2018-11-15 08:11:24',NULL),(644,7,44,NULL,NULL,NULL,NULL,NULL,'2018-11-15 08:11:24',NULL,'2018-11-15 08:11:24','2018-11-15 08:11:24',1,'2018-11-15 08:11:24',NULL,'2018-11-15 08:11:24',NULL),(645,7,45,NULL,NULL,NULL,NULL,NULL,'2018-11-15 08:11:24',NULL,'2018-11-15 08:11:24','2018-11-15 08:11:24',1,'2018-11-15 08:11:24',NULL,'2018-11-15 08:11:24',NULL),(646,7,46,NULL,NULL,NULL,NULL,NULL,'2018-11-15 08:11:24',NULL,'2018-11-15 08:11:24','2018-11-15 08:11:24',1,'2018-11-15 08:11:24',NULL,'2018-11-15 08:11:24',NULL),(647,7,47,NULL,NULL,NULL,NULL,NULL,'2018-11-15 08:11:24',NULL,'2018-11-15 08:11:24','2018-11-15 08:11:24',1,'2018-11-15 08:11:24',NULL,'2018-11-15 08:11:24',NULL),(648,7,48,NULL,NULL,NULL,NULL,NULL,'2018-11-15 08:11:24',NULL,'2018-11-15 08:11:24','2018-11-15 08:11:24',1,'2018-11-15 08:11:24',NULL,'2018-11-15 08:11:24',NULL),(649,7,49,NULL,NULL,NULL,NULL,NULL,'2018-11-15 08:11:24',NULL,'2018-11-15 08:11:24','2018-11-15 08:11:24',1,'2018-11-15 08:11:24',NULL,'2018-11-15 08:11:24',NULL),(650,7,50,NULL,NULL,NULL,NULL,NULL,'2018-11-15 08:11:25',NULL,'2018-11-15 08:11:25','2018-11-15 08:11:25',1,'2018-11-15 08:11:25',NULL,'2018-11-15 08:11:25',NULL),(651,7,51,NULL,NULL,NULL,NULL,NULL,'2018-11-15 08:11:25',NULL,'2018-11-15 08:11:25','2018-11-15 08:11:25',1,'2018-11-15 08:11:25',NULL,'2018-11-15 08:11:25',NULL),(652,7,52,NULL,NULL,NULL,NULL,NULL,'2018-11-15 08:11:25',NULL,'2018-11-15 08:11:25','2018-11-15 08:11:25',1,'2018-11-15 08:11:25',NULL,'2018-11-15 08:11:25',NULL),(653,7,53,NULL,NULL,NULL,NULL,NULL,'2018-11-15 08:11:25',NULL,'2018-11-15 08:11:25','2018-11-15 08:11:25',1,'2018-11-15 08:11:25',NULL,'2018-11-15 08:11:25',NULL),(654,7,54,NULL,NULL,NULL,NULL,NULL,'2018-11-15 08:11:25',NULL,'2018-11-15 08:11:25','2018-11-15 08:11:25',1,'2018-11-15 08:11:25',NULL,'2018-11-15 08:11:25',NULL),(655,7,55,NULL,NULL,NULL,NULL,NULL,'2018-11-15 08:11:25',NULL,'2018-11-15 08:11:25','2018-11-15 08:11:25',1,'2018-11-15 08:11:25',NULL,'2018-11-15 08:11:25',NULL),(656,7,56,NULL,NULL,NULL,NULL,NULL,'2018-11-15 08:11:25',NULL,'2018-11-15 08:11:25','2018-11-15 08:11:25',1,'2018-11-15 08:11:25',NULL,'2018-11-15 08:11:25',NULL),(657,7,57,NULL,NULL,NULL,NULL,NULL,'2018-11-15 08:11:25',NULL,'2018-11-15 08:11:25','2018-11-15 08:11:25',1,'2018-11-15 08:11:25',NULL,'2018-11-15 08:11:25',NULL),(658,7,58,NULL,NULL,NULL,NULL,NULL,'2018-11-15 08:11:25',NULL,'2018-11-15 08:11:25','2018-11-15 08:11:25',1,'2018-11-15 08:11:25',NULL,'2018-11-15 08:11:25',NULL),(659,7,59,NULL,NULL,NULL,NULL,NULL,'2018-11-15 08:11:25',NULL,'2018-11-15 08:11:25','2018-11-15 08:11:25',1,'2018-11-15 08:11:25',NULL,'2018-11-15 08:11:25',NULL),(660,7,60,NULL,NULL,NULL,NULL,NULL,'2018-11-15 08:11:25',NULL,'2018-11-15 08:11:25','2018-11-15 08:11:25',1,'2018-11-15 08:11:25',NULL,'2018-11-15 08:11:25',NULL),(661,7,61,NULL,NULL,NULL,NULL,NULL,'2018-11-15 08:11:25',NULL,'2018-11-15 08:11:25','2018-11-15 08:11:25',1,'2018-11-15 08:11:25',NULL,'2018-11-15 08:11:25',NULL),(662,7,62,NULL,NULL,NULL,NULL,NULL,'2018-11-15 08:11:25',NULL,'2018-11-15 08:11:25','2018-11-15 08:11:25',1,'2018-11-15 08:11:25',NULL,'2018-11-15 08:11:25',NULL),(663,7,63,NULL,NULL,NULL,NULL,NULL,'2018-11-15 08:11:25',NULL,'2018-11-15 08:11:25','2018-11-15 08:11:25',1,'2018-11-15 08:11:25',NULL,'2018-11-15 08:11:25',NULL),(664,7,64,NULL,NULL,NULL,NULL,NULL,'2018-11-15 08:11:25',NULL,'2018-11-15 08:11:25','2018-11-15 08:11:25',1,'2018-11-15 08:11:25',NULL,'2018-11-15 08:11:25',NULL),(665,7,65,NULL,NULL,NULL,NULL,NULL,'2018-11-15 08:11:25',NULL,'2018-11-15 08:11:25','2018-11-15 08:11:25',1,'2018-11-15 08:11:25',NULL,'2018-11-15 08:11:25',NULL),(666,7,66,NULL,NULL,NULL,NULL,NULL,'2018-11-15 08:11:25',NULL,'2018-11-15 08:11:25','2018-11-15 08:11:25',1,'2018-11-15 08:11:25',NULL,'2018-11-15 08:11:25',NULL),(667,7,68,NULL,NULL,NULL,NULL,NULL,'2018-11-15 08:11:25',NULL,'2018-11-15 08:11:25','2018-11-15 08:11:25',1,'2018-11-15 08:11:25',NULL,'2018-11-15 08:11:25',NULL),(668,7,69,NULL,NULL,NULL,NULL,NULL,'2018-11-15 08:11:25',NULL,'2018-11-15 08:11:25','2018-11-15 08:11:25',1,'2018-11-15 08:11:25',NULL,'2018-11-15 08:11:25',NULL),(669,7,70,NULL,NULL,NULL,NULL,NULL,'2018-11-15 08:11:25',NULL,'2018-11-15 08:11:25','2018-11-15 08:11:25',1,'2018-11-15 08:11:25',NULL,'2018-11-15 08:11:25',NULL),(670,7,71,NULL,NULL,NULL,NULL,NULL,'2018-11-15 08:11:25',NULL,'2018-11-15 08:11:25','2018-11-15 08:11:25',1,'2018-11-15 08:11:25',NULL,'2018-11-15 08:11:25',NULL),(671,7,72,NULL,NULL,NULL,NULL,NULL,'2018-11-15 08:11:25',NULL,'2018-11-15 08:11:25','2018-11-15 08:11:25',1,'2018-11-15 08:11:25',NULL,'2018-11-15 08:11:25',NULL),(672,7,73,NULL,NULL,NULL,NULL,NULL,'2018-11-15 08:11:25',NULL,'2018-11-15 08:11:25','2018-11-15 08:11:25',1,'2018-11-15 08:11:25',NULL,'2018-11-15 08:11:25',NULL),(673,7,74,NULL,NULL,NULL,NULL,NULL,'2018-11-15 08:11:25',NULL,'2018-11-15 08:11:25','2018-11-15 08:11:25',1,'2018-11-15 08:11:25',NULL,'2018-11-15 08:11:25',NULL),(674,7,75,NULL,NULL,NULL,NULL,NULL,'2018-11-15 08:11:25',NULL,'2018-11-15 08:11:25','2018-11-15 08:11:25',1,'2018-11-15 08:11:25',NULL,'2018-11-15 08:11:25',NULL),(675,7,76,NULL,NULL,NULL,NULL,NULL,'2018-11-15 08:11:25',NULL,'2018-11-15 08:11:25','2018-11-15 08:11:25',1,'2018-11-15 08:11:25',NULL,'2018-11-15 08:11:25',NULL),(676,7,77,NULL,NULL,NULL,NULL,NULL,'2018-11-15 08:11:25',NULL,'2018-11-15 08:11:25','2018-11-15 08:11:25',1,'2018-11-15 08:11:25',NULL,'2018-11-15 08:11:25',NULL),(677,7,78,NULL,NULL,NULL,NULL,NULL,'2018-11-15 08:11:25',NULL,'2018-11-15 08:11:25','2018-11-15 08:11:25',1,'2018-11-15 08:11:25',NULL,'2018-11-15 08:11:25',NULL),(678,7,79,NULL,NULL,NULL,NULL,NULL,'2018-11-15 08:11:25',NULL,'2018-11-15 08:11:25','2018-11-15 08:11:25',1,'2018-11-15 08:11:25',NULL,'2018-11-15 08:11:25',NULL),(679,7,80,NULL,NULL,NULL,NULL,NULL,'2018-11-15 08:11:25',NULL,'2018-11-15 08:11:25','2018-11-15 08:11:25',1,'2018-11-15 08:11:25',NULL,'2018-11-15 08:11:25',NULL),(680,7,81,NULL,NULL,NULL,NULL,NULL,'2018-11-15 08:11:25',NULL,'2018-11-15 08:11:25','2018-11-15 08:11:25',1,'2018-11-15 08:11:25',NULL,'2018-11-15 08:11:25',NULL),(681,7,82,NULL,NULL,NULL,NULL,NULL,'2018-11-15 08:11:25',NULL,'2018-11-15 08:11:25','2018-11-15 08:11:25',1,'2018-11-15 08:11:25',NULL,'2018-11-15 08:11:25',NULL),(682,7,83,NULL,NULL,NULL,NULL,NULL,'2018-11-15 08:11:25',NULL,'2018-11-15 08:11:25','2018-11-15 08:11:25',1,'2018-11-15 08:11:25',NULL,'2018-11-15 08:11:25',NULL),(683,7,85,NULL,NULL,NULL,NULL,NULL,'2018-11-15 08:11:25',NULL,'2018-11-15 08:11:25','2018-11-15 08:11:25',1,'2018-11-15 08:11:25',NULL,'2018-11-15 08:11:25',NULL),(684,7,87,NULL,NULL,NULL,NULL,NULL,'2018-11-15 08:11:25',NULL,'2018-11-15 08:11:25','2018-11-15 08:11:25',1,'2018-11-15 08:11:25',NULL,'2018-11-15 08:11:25',NULL),(685,7,89,NULL,NULL,NULL,NULL,NULL,'2018-11-15 08:11:25',NULL,'2018-11-15 08:11:25','2018-11-15 08:11:25',1,'2018-11-15 08:11:25',NULL,'2018-11-15 08:11:25',NULL),(686,7,91,NULL,NULL,NULL,NULL,NULL,'2018-11-15 08:11:25',NULL,'2018-11-15 08:11:25','2018-11-15 08:11:25',1,'2018-11-15 08:11:25',NULL,'2018-11-15 08:11:25',NULL),(687,7,93,NULL,NULL,NULL,NULL,NULL,'2018-11-15 08:11:25',NULL,'2018-11-15 08:11:25','2018-11-15 08:11:25',1,'2018-11-15 08:11:25',NULL,'2018-11-15 08:11:25',NULL),(688,7,95,NULL,NULL,NULL,NULL,NULL,'2018-11-15 08:11:25',NULL,'2018-11-15 08:11:25','2018-11-15 08:11:25',1,'2018-11-15 08:11:25',NULL,'2018-11-15 08:11:25',NULL),(689,7,97,NULL,NULL,NULL,NULL,NULL,'2018-11-15 08:11:25',NULL,'2018-11-15 08:11:25','2018-11-15 08:11:25',1,'2018-11-15 08:11:25',NULL,'2018-11-15 08:11:25',NULL),(690,7,99,NULL,NULL,NULL,NULL,NULL,'2018-11-15 08:11:25',NULL,'2018-11-15 08:11:25','2018-11-15 08:11:25',1,'2018-11-15 08:11:25',NULL,'2018-11-15 08:11:25',NULL),(691,7,101,NULL,NULL,NULL,NULL,NULL,'2018-11-15 08:11:25',NULL,'2018-11-15 08:11:25','2018-11-15 08:11:25',1,'2018-11-15 08:11:25',NULL,'2018-11-15 08:11:25',NULL),(692,7,103,NULL,NULL,NULL,NULL,NULL,'2018-11-15 08:11:25',NULL,'2018-11-15 08:11:25','2018-11-15 08:11:25',1,'2018-11-15 08:11:25',NULL,'2018-11-15 08:11:25',NULL),(693,7,105,NULL,NULL,NULL,NULL,NULL,'2018-11-15 08:11:25',NULL,'2018-11-15 08:11:25','2018-11-15 08:11:25',1,'2018-11-15 08:11:25',NULL,'2018-11-15 08:11:25',NULL),(694,7,106,NULL,NULL,NULL,NULL,NULL,'2018-11-15 08:11:25',NULL,'2018-11-15 08:11:25','2018-11-15 08:11:25',1,'2018-11-15 08:11:25',NULL,'2018-11-15 08:11:25',NULL),(695,7,107,NULL,NULL,NULL,NULL,NULL,'2018-11-15 08:11:25',NULL,'2018-11-15 08:11:25','2018-11-15 08:11:25',1,'2018-11-15 08:11:25',NULL,'2018-11-15 08:11:25',NULL),(696,7,108,NULL,NULL,NULL,NULL,NULL,'2018-11-15 08:11:25',NULL,'2018-11-15 08:11:25','2018-11-15 08:11:25',1,'2018-11-15 08:11:25',NULL,'2018-11-15 08:11:25',NULL),(697,7,109,NULL,NULL,NULL,NULL,NULL,'2018-11-15 08:11:25',NULL,'2018-11-15 08:11:25','2018-11-15 08:11:25',1,'2018-11-15 08:11:25',NULL,'2018-11-15 08:11:25',NULL),(698,7,110,NULL,NULL,NULL,NULL,NULL,'2018-11-15 08:11:25',NULL,'2018-11-15 08:11:25','2018-11-15 08:11:25',1,'2018-11-15 08:11:25',NULL,'2018-11-15 08:11:25',NULL),(699,7,111,NULL,NULL,NULL,NULL,NULL,'2018-11-15 08:11:25',NULL,'2018-11-15 08:11:25','2018-11-15 08:11:25',1,'2018-11-15 08:11:25',NULL,'2018-11-15 08:11:25',NULL),(700,7,112,NULL,NULL,NULL,NULL,NULL,'2018-11-15 08:11:25',NULL,'2018-11-15 08:11:25','2018-11-15 08:11:25',1,'2018-11-15 08:11:25',NULL,'2018-11-15 08:11:25',NULL),(701,8,1,NULL,NULL,NULL,NULL,NULL,'2018-11-15 08:11:55',NULL,'2018-11-15 08:11:55','2018-11-15 08:11:55',1,'2018-11-15 08:11:55',NULL,'2018-11-15 08:11:55',NULL),(702,8,2,NULL,NULL,NULL,NULL,NULL,'2018-11-15 08:11:55',NULL,'2018-11-15 08:11:55','2018-11-15 08:11:55',1,'2018-11-15 08:11:55',NULL,'2018-11-15 08:11:55',NULL),(703,8,3,NULL,NULL,NULL,NULL,NULL,'2018-11-15 08:11:55',NULL,'2018-11-15 08:11:55','2018-11-15 08:11:55',1,'2018-11-15 08:11:55',NULL,'2018-11-15 08:11:55',NULL),(704,8,4,NULL,NULL,NULL,NULL,NULL,'2018-11-15 08:11:55',NULL,'2018-11-15 08:11:55','2018-11-15 08:11:55',1,'2018-11-15 08:11:55',NULL,'2018-11-15 08:11:55',NULL),(705,8,5,NULL,NULL,NULL,NULL,NULL,'2018-11-15 08:11:55',NULL,'2018-11-15 08:11:55','2018-11-15 08:11:55',1,'2018-11-15 08:11:55',NULL,'2018-11-15 08:11:55',NULL),(706,8,6,NULL,NULL,NULL,NULL,NULL,'2018-11-15 08:11:55',NULL,'2018-11-15 08:11:55','2018-11-15 08:11:55',1,'2018-11-15 08:11:55',NULL,'2018-11-15 08:11:55',NULL),(707,8,7,NULL,NULL,NULL,NULL,NULL,'2018-11-15 08:11:55',NULL,'2018-11-15 08:11:55','2018-11-15 08:11:55',1,'2018-11-15 08:11:55',NULL,'2018-11-15 08:11:55',NULL),(708,8,8,NULL,NULL,NULL,NULL,NULL,'2018-11-15 08:11:55',NULL,'2018-11-15 08:11:55','2018-11-15 08:11:55',1,'2018-11-15 08:11:55',NULL,'2018-11-15 08:11:55',NULL),(709,8,9,NULL,NULL,NULL,NULL,NULL,'2018-11-15 08:11:55',NULL,'2018-11-15 08:11:55','2018-11-15 08:11:55',1,'2018-11-15 08:11:55',NULL,'2018-11-15 08:11:55',NULL),(710,8,10,NULL,NULL,NULL,NULL,NULL,'2018-11-15 08:11:55',NULL,'2018-11-15 08:11:55','2018-11-15 08:11:55',1,'2018-11-15 08:11:55',NULL,'2018-11-15 08:11:55',NULL),(711,8,11,NULL,NULL,NULL,NULL,NULL,'2018-11-15 08:11:55',NULL,'2018-11-15 08:11:55','2018-11-15 08:11:55',1,'2018-11-15 08:11:55',NULL,'2018-11-15 08:11:55',NULL),(712,8,12,NULL,NULL,NULL,NULL,NULL,'2018-11-15 08:11:55',NULL,'2018-11-15 08:11:55','2018-11-15 08:11:55',1,'2018-11-15 08:11:55',NULL,'2018-11-15 08:11:55',NULL),(713,8,13,NULL,NULL,NULL,NULL,NULL,'2018-11-15 08:11:55',NULL,'2018-11-15 08:11:55','2018-11-15 08:11:55',1,'2018-11-15 08:11:55',NULL,'2018-11-15 08:11:55',NULL),(714,8,14,NULL,NULL,NULL,NULL,NULL,'2018-11-15 08:11:55',NULL,'2018-11-15 08:11:55','2018-11-15 08:11:55',1,'2018-11-15 08:11:55',NULL,'2018-11-15 08:11:55',NULL),(715,8,15,NULL,NULL,NULL,NULL,NULL,'2018-11-15 08:11:55',NULL,'2018-11-15 08:11:55','2018-11-15 08:11:55',1,'2018-11-15 08:11:55',NULL,'2018-11-15 08:11:55',NULL),(716,8,16,NULL,NULL,NULL,NULL,NULL,'2018-11-15 08:11:55',NULL,'2018-11-15 08:11:55','2018-11-15 08:11:55',1,'2018-11-15 08:11:55',NULL,'2018-11-15 08:11:55',NULL),(717,8,17,NULL,NULL,NULL,NULL,NULL,'2018-11-15 08:11:55',NULL,'2018-11-15 08:11:55','2018-11-15 08:11:55',1,'2018-11-15 08:11:55',NULL,'2018-11-15 08:11:55',NULL),(718,8,18,NULL,NULL,NULL,NULL,NULL,'2018-11-15 08:11:55',NULL,'2018-11-15 08:11:55','2018-11-15 08:11:55',1,'2018-11-15 08:11:55',NULL,'2018-11-15 08:11:55',NULL),(719,8,19,NULL,NULL,NULL,NULL,NULL,'2018-11-15 08:11:55',NULL,'2018-11-15 08:11:55','2018-11-15 08:11:55',1,'2018-11-15 08:11:55',NULL,'2018-11-15 08:11:55',NULL),(720,8,20,NULL,NULL,NULL,NULL,NULL,'2018-11-15 08:11:55',NULL,'2018-11-15 08:11:55','2018-11-15 08:11:55',1,'2018-11-15 08:11:55',NULL,'2018-11-15 08:11:55',NULL),(721,8,21,NULL,NULL,NULL,NULL,NULL,'2018-11-15 08:11:55',NULL,'2018-11-15 08:11:55','2018-11-15 08:11:55',1,'2018-11-15 08:11:55',NULL,'2018-11-15 08:11:55',NULL),(722,8,22,NULL,NULL,NULL,NULL,NULL,'2018-11-15 08:11:55',NULL,'2018-11-15 08:11:55','2018-11-15 08:11:55',1,'2018-11-15 08:11:55',NULL,'2018-11-15 08:11:55',NULL),(723,8,23,NULL,NULL,NULL,NULL,NULL,'2018-11-15 08:11:55',NULL,'2018-11-15 08:11:55','2018-11-15 08:11:55',1,'2018-11-15 08:11:55',NULL,'2018-11-15 08:11:55',NULL),(724,8,24,NULL,NULL,NULL,NULL,NULL,'2018-11-15 08:11:56',NULL,'2018-11-15 08:11:56','2018-11-15 08:11:56',1,'2018-11-15 08:11:56',NULL,'2018-11-15 08:11:56',NULL),(725,8,25,NULL,NULL,NULL,NULL,NULL,'2018-11-15 08:11:56',NULL,'2018-11-15 08:11:56','2018-11-15 08:11:56',1,'2018-11-15 08:11:56',NULL,'2018-11-15 08:11:56',NULL),(726,8,26,NULL,NULL,NULL,NULL,NULL,'2018-11-15 08:11:56',NULL,'2018-11-15 08:11:56','2018-11-15 08:11:56',1,'2018-11-15 08:11:56',NULL,'2018-11-15 08:11:56',NULL),(727,8,27,NULL,NULL,NULL,NULL,NULL,'2018-11-15 08:11:56',NULL,'2018-11-15 08:11:56','2018-11-15 08:11:56',1,'2018-11-15 08:11:56',NULL,'2018-11-15 08:11:56',NULL),(728,8,28,NULL,NULL,NULL,NULL,NULL,'2018-11-15 08:11:56',NULL,'2018-11-15 08:11:56','2018-11-15 08:11:56',1,'2018-11-15 08:11:56',NULL,'2018-11-15 08:11:56',NULL),(729,8,29,NULL,NULL,NULL,NULL,NULL,'2018-11-15 08:11:56',NULL,'2018-11-15 08:11:56','2018-11-15 08:11:56',1,'2018-11-15 08:11:56',NULL,'2018-11-15 08:11:56',NULL),(730,8,30,NULL,NULL,NULL,NULL,NULL,'2018-11-15 08:11:56',NULL,'2018-11-15 08:11:56','2018-11-15 08:11:56',1,'2018-11-15 08:11:56',NULL,'2018-11-15 08:11:56',NULL),(731,8,31,NULL,NULL,NULL,NULL,NULL,'2018-11-15 08:11:56',NULL,'2018-11-15 08:11:56','2018-11-15 08:11:56',1,'2018-11-15 08:11:56',NULL,'2018-11-15 08:11:56',NULL),(732,8,32,NULL,NULL,NULL,NULL,NULL,'2018-11-15 08:11:56',NULL,'2018-11-15 08:11:56','2018-11-15 08:11:56',1,'2018-11-15 08:11:56',NULL,'2018-11-15 08:11:56',NULL),(733,8,33,NULL,NULL,NULL,NULL,NULL,'2018-11-15 08:11:56',NULL,'2018-11-15 08:11:56','2018-11-15 08:11:56',1,'2018-11-15 08:11:56',NULL,'2018-11-15 08:11:56',NULL),(734,8,34,NULL,NULL,NULL,NULL,NULL,'2018-11-15 08:11:56',NULL,'2018-11-15 08:11:56','2018-11-15 08:11:56',1,'2018-11-15 08:11:56',NULL,'2018-11-15 08:11:56',NULL),(735,8,35,NULL,NULL,NULL,NULL,NULL,'2018-11-15 08:11:56',NULL,'2018-11-15 08:11:56','2018-11-15 08:11:56',1,'2018-11-15 08:11:56',NULL,'2018-11-15 08:11:56',NULL),(736,8,36,NULL,NULL,NULL,NULL,NULL,'2018-11-15 08:11:56',NULL,'2018-11-15 08:11:56','2018-11-15 08:11:56',1,'2018-11-15 08:11:56',NULL,'2018-11-15 08:11:56',NULL),(737,8,37,NULL,NULL,NULL,NULL,NULL,'2018-11-15 08:11:56',NULL,'2018-11-15 08:11:56','2018-11-15 08:11:56',1,'2018-11-15 08:11:56',NULL,'2018-11-15 08:11:56',NULL),(738,8,38,NULL,NULL,NULL,NULL,NULL,'2018-11-15 08:11:56',NULL,'2018-11-15 08:11:56','2018-11-15 08:11:56',1,'2018-11-15 08:11:56',NULL,'2018-11-15 08:11:56',NULL),(739,8,39,NULL,NULL,NULL,NULL,NULL,'2018-11-15 08:11:56',NULL,'2018-11-15 08:11:56','2018-11-15 08:11:56',1,'2018-11-15 08:11:56',NULL,'2018-11-15 08:11:56',NULL),(740,8,40,NULL,NULL,NULL,NULL,NULL,'2018-11-15 08:11:56',NULL,'2018-11-15 08:11:56','2018-11-15 08:11:56',1,'2018-11-15 08:11:56',NULL,'2018-11-15 08:11:56',NULL),(741,8,41,NULL,NULL,NULL,NULL,NULL,'2018-11-15 08:11:56',NULL,'2018-11-15 08:11:56','2018-11-15 08:11:56',1,'2018-11-15 08:11:56',NULL,'2018-11-15 08:11:56',NULL),(742,8,42,NULL,NULL,NULL,NULL,NULL,'2018-11-15 08:11:56',NULL,'2018-11-15 08:11:56','2018-11-15 08:11:56',1,'2018-11-15 08:11:56',NULL,'2018-11-15 08:11:56',NULL),(743,8,43,NULL,NULL,NULL,NULL,NULL,'2018-11-15 08:11:56',NULL,'2018-11-15 08:11:56','2018-11-15 08:11:56',1,'2018-11-15 08:11:56',NULL,'2018-11-15 08:11:56',NULL),(744,8,44,NULL,NULL,NULL,NULL,NULL,'2018-11-15 08:11:56',NULL,'2018-11-15 08:11:56','2018-11-15 08:11:56',1,'2018-11-15 08:11:56',NULL,'2018-11-15 08:11:56',NULL),(745,8,45,NULL,NULL,NULL,NULL,NULL,'2018-11-15 08:11:56',NULL,'2018-11-15 08:11:56','2018-11-15 08:11:56',1,'2018-11-15 08:11:56',NULL,'2018-11-15 08:11:56',NULL),(746,8,46,NULL,NULL,NULL,NULL,NULL,'2018-11-15 08:11:56',NULL,'2018-11-15 08:11:56','2018-11-15 08:11:56',1,'2018-11-15 08:11:56',NULL,'2018-11-15 08:11:56',NULL),(747,8,47,NULL,NULL,NULL,NULL,NULL,'2018-11-15 08:11:56',NULL,'2018-11-15 08:11:56','2018-11-15 08:11:56',1,'2018-11-15 08:11:56',NULL,'2018-11-15 08:11:56',NULL),(748,8,48,NULL,NULL,NULL,NULL,NULL,'2018-11-15 08:11:56',NULL,'2018-11-15 08:11:56','2018-11-15 08:11:56',1,'2018-11-15 08:11:56',NULL,'2018-11-15 08:11:56',NULL),(749,8,49,NULL,NULL,NULL,NULL,NULL,'2018-11-15 08:11:56',NULL,'2018-11-15 08:11:56','2018-11-15 08:11:56',1,'2018-11-15 08:11:56',NULL,'2018-11-15 08:11:56',NULL),(750,8,50,NULL,NULL,NULL,NULL,NULL,'2018-11-15 08:11:56',NULL,'2018-11-15 08:11:56','2018-11-15 08:11:56',1,'2018-11-15 08:11:56',NULL,'2018-11-15 08:11:56',NULL),(751,8,51,NULL,NULL,NULL,NULL,NULL,'2018-11-15 08:11:56',NULL,'2018-11-15 08:11:56','2018-11-15 08:11:56',1,'2018-11-15 08:11:56',NULL,'2018-11-15 08:11:56',NULL),(752,8,52,NULL,NULL,NULL,NULL,NULL,'2018-11-15 08:11:56',NULL,'2018-11-15 08:11:56','2018-11-15 08:11:56',1,'2018-11-15 08:11:56',NULL,'2018-11-15 08:11:56',NULL),(753,8,53,NULL,NULL,NULL,NULL,NULL,'2018-11-15 08:11:56',NULL,'2018-11-15 08:11:56','2018-11-15 08:11:56',1,'2018-11-15 08:11:56',NULL,'2018-11-15 08:11:56',NULL),(754,8,54,NULL,NULL,NULL,NULL,NULL,'2018-11-15 08:11:56',NULL,'2018-11-15 08:11:56','2018-11-15 08:11:56',1,'2018-11-15 08:11:56',NULL,'2018-11-15 08:11:56',NULL),(755,8,55,NULL,NULL,NULL,NULL,NULL,'2018-11-15 08:11:56',NULL,'2018-11-15 08:11:56','2018-11-15 08:11:56',1,'2018-11-15 08:11:56',NULL,'2018-11-15 08:11:56',NULL),(756,8,56,NULL,NULL,NULL,NULL,NULL,'2018-11-15 08:11:56',NULL,'2018-11-15 08:11:56','2018-11-15 08:11:56',1,'2018-11-15 08:11:56',NULL,'2018-11-15 08:11:56',NULL),(757,8,57,NULL,NULL,NULL,NULL,NULL,'2018-11-15 08:11:56',NULL,'2018-11-15 08:11:56','2018-11-15 08:11:56',1,'2018-11-15 08:11:56',NULL,'2018-11-15 08:11:56',NULL),(758,8,58,NULL,NULL,NULL,NULL,NULL,'2018-11-15 08:11:56',NULL,'2018-11-15 08:11:56','2018-11-15 08:11:56',1,'2018-11-15 08:11:56',NULL,'2018-11-15 08:11:56',NULL),(759,8,59,NULL,NULL,NULL,NULL,NULL,'2018-11-15 08:11:56',NULL,'2018-11-15 08:11:56','2018-11-15 08:11:56',1,'2018-11-15 08:11:56',NULL,'2018-11-15 08:11:56',NULL),(760,8,60,NULL,NULL,NULL,NULL,NULL,'2018-11-15 08:11:56',NULL,'2018-11-15 08:11:56','2018-11-15 08:11:56',1,'2018-11-15 08:11:56',NULL,'2018-11-15 08:11:56',NULL),(761,8,61,NULL,NULL,NULL,NULL,NULL,'2018-11-15 08:11:56',NULL,'2018-11-15 08:11:56','2018-11-15 08:11:56',1,'2018-11-15 08:11:56',NULL,'2018-11-15 08:11:56',NULL),(762,8,62,NULL,NULL,NULL,NULL,NULL,'2018-11-15 08:11:56',NULL,'2018-11-15 08:11:56','2018-11-15 08:11:56',1,'2018-11-15 08:11:56',NULL,'2018-11-15 08:11:56',NULL),(763,8,63,NULL,NULL,NULL,NULL,NULL,'2018-11-15 08:11:56',NULL,'2018-11-15 08:11:56','2018-11-15 08:11:56',1,'2018-11-15 08:11:56',NULL,'2018-11-15 08:11:56',NULL),(764,8,64,NULL,NULL,NULL,NULL,NULL,'2018-11-15 08:11:56',NULL,'2018-11-15 08:11:56','2018-11-15 08:11:56',1,'2018-11-15 08:11:56',NULL,'2018-11-15 08:11:56',NULL),(765,8,65,NULL,NULL,NULL,NULL,NULL,'2018-11-15 08:11:56',NULL,'2018-11-15 08:11:56','2018-11-15 08:11:56',1,'2018-11-15 08:11:56',NULL,'2018-11-15 08:11:56',NULL),(766,8,66,NULL,NULL,NULL,NULL,NULL,'2018-11-15 08:11:56',NULL,'2018-11-15 08:11:56','2018-11-15 08:11:56',1,'2018-11-15 08:11:56',NULL,'2018-11-15 08:11:56',NULL),(767,8,68,NULL,NULL,NULL,NULL,NULL,'2018-11-15 08:11:56',NULL,'2018-11-15 08:11:56','2018-11-15 08:11:56',1,'2018-11-15 08:11:56',NULL,'2018-11-15 08:11:56',NULL),(768,8,69,NULL,NULL,NULL,NULL,NULL,'2018-11-15 08:11:56',NULL,'2018-11-15 08:11:56','2018-11-15 08:11:56',1,'2018-11-15 08:11:56',NULL,'2018-11-15 08:11:56',NULL),(769,8,70,NULL,NULL,NULL,NULL,NULL,'2018-11-15 08:11:56',NULL,'2018-11-15 08:11:56','2018-11-15 08:11:56',1,'2018-11-15 08:11:56',NULL,'2018-11-15 08:11:56',NULL),(770,8,71,NULL,NULL,NULL,NULL,NULL,'2018-11-15 08:11:56',NULL,'2018-11-15 08:11:56','2018-11-15 08:11:56',1,'2018-11-15 08:11:56',NULL,'2018-11-15 08:11:56',NULL),(771,8,72,NULL,NULL,NULL,NULL,NULL,'2018-11-15 08:11:56',NULL,'2018-11-15 08:11:56','2018-11-15 08:11:56',1,'2018-11-15 08:11:56',NULL,'2018-11-15 08:11:56',NULL),(772,8,73,NULL,NULL,NULL,NULL,NULL,'2018-11-15 08:11:56',NULL,'2018-11-15 08:11:56','2018-11-15 08:11:56',1,'2018-11-15 08:11:56',NULL,'2018-11-15 08:11:56',NULL),(773,8,74,NULL,NULL,NULL,NULL,NULL,'2018-11-15 08:11:56',NULL,'2018-11-15 08:11:56','2018-11-15 08:11:56',1,'2018-11-15 08:11:56',NULL,'2018-11-15 08:11:56',NULL),(774,8,75,NULL,NULL,NULL,NULL,NULL,'2018-11-15 08:11:56',NULL,'2018-11-15 08:11:56','2018-11-15 08:11:56',1,'2018-11-15 08:11:56',NULL,'2018-11-15 08:11:56',NULL),(775,8,76,NULL,NULL,NULL,NULL,NULL,'2018-11-15 08:11:56',NULL,'2018-11-15 08:11:56','2018-11-15 08:11:56',1,'2018-11-15 08:11:56',NULL,'2018-11-15 08:11:56',NULL),(776,8,77,NULL,NULL,NULL,NULL,NULL,'2018-11-15 08:11:56',NULL,'2018-11-15 08:11:56','2018-11-15 08:11:56',1,'2018-11-15 08:11:56',NULL,'2018-11-15 08:11:56',NULL),(777,8,78,NULL,NULL,NULL,NULL,NULL,'2018-11-15 08:11:56',NULL,'2018-11-15 08:11:56','2018-11-15 08:11:56',1,'2018-11-15 08:11:56',NULL,'2018-11-15 08:11:56',NULL),(778,8,79,NULL,NULL,NULL,NULL,NULL,'2018-11-15 08:11:56',NULL,'2018-11-15 08:11:56','2018-11-15 08:11:56',1,'2018-11-15 08:11:56',NULL,'2018-11-15 08:11:56',NULL),(779,8,80,NULL,NULL,NULL,NULL,NULL,'2018-11-15 08:11:56',NULL,'2018-11-15 08:11:56','2018-11-15 08:11:56',1,'2018-11-15 08:11:56',NULL,'2018-11-15 08:11:56',NULL),(780,8,81,NULL,NULL,NULL,NULL,NULL,'2018-11-15 08:11:56',NULL,'2018-11-15 08:11:56','2018-11-15 08:11:56',1,'2018-11-15 08:11:56',NULL,'2018-11-15 08:11:56',NULL),(781,8,82,NULL,NULL,NULL,NULL,NULL,'2018-11-15 08:11:56',NULL,'2018-11-15 08:11:56','2018-11-15 08:11:56',1,'2018-11-15 08:11:56',NULL,'2018-11-15 08:11:56',NULL),(782,8,83,NULL,NULL,NULL,NULL,NULL,'2018-11-15 08:11:56',NULL,'2018-11-15 08:11:56','2018-11-15 08:11:56',1,'2018-11-15 08:11:56',NULL,'2018-11-15 08:11:56',NULL),(783,8,85,NULL,NULL,NULL,NULL,NULL,'2018-11-15 08:11:56',NULL,'2018-11-15 08:11:56','2018-11-15 08:11:56',1,'2018-11-15 08:11:56',NULL,'2018-11-15 08:11:56',NULL),(784,8,87,NULL,NULL,NULL,NULL,NULL,'2018-11-15 08:11:56',NULL,'2018-11-15 08:11:56','2018-11-15 08:11:56',1,'2018-11-15 08:11:56',NULL,'2018-11-15 08:11:56',NULL),(785,8,89,NULL,NULL,NULL,NULL,NULL,'2018-11-15 08:11:56',NULL,'2018-11-15 08:11:56','2018-11-15 08:11:56',1,'2018-11-15 08:11:56',NULL,'2018-11-15 08:11:56',NULL),(786,8,91,NULL,NULL,NULL,NULL,NULL,'2018-11-15 08:11:56',NULL,'2018-11-15 08:11:56','2018-11-15 08:11:56',1,'2018-11-15 08:11:56',NULL,'2018-11-15 08:11:56',NULL),(787,8,93,NULL,NULL,NULL,NULL,NULL,'2018-11-15 08:11:56',NULL,'2018-11-15 08:11:56','2018-11-15 08:11:56',1,'2018-11-15 08:11:56',NULL,'2018-11-15 08:11:56',NULL),(788,8,95,NULL,NULL,NULL,NULL,NULL,'2018-11-15 08:11:56',NULL,'2018-11-15 08:11:56','2018-11-15 08:11:56',1,'2018-11-15 08:11:56',NULL,'2018-11-15 08:11:56',NULL),(789,8,97,NULL,NULL,NULL,NULL,NULL,'2018-11-15 08:11:56',NULL,'2018-11-15 08:11:56','2018-11-15 08:11:56',1,'2018-11-15 08:11:56',NULL,'2018-11-15 08:11:56',NULL),(790,8,99,NULL,NULL,NULL,NULL,NULL,'2018-11-15 08:11:56',NULL,'2018-11-15 08:11:56','2018-11-15 08:11:56',1,'2018-11-15 08:11:56',NULL,'2018-11-15 08:11:56',NULL),(791,8,101,NULL,NULL,NULL,NULL,NULL,'2018-11-15 08:11:56',NULL,'2018-11-15 08:11:56','2018-11-15 08:11:56',1,'2018-11-15 08:11:56',NULL,'2018-11-15 08:11:56',NULL),(792,8,103,NULL,NULL,NULL,NULL,NULL,'2018-11-15 08:11:57',NULL,'2018-11-15 08:11:57','2018-11-15 08:11:57',1,'2018-11-15 08:11:57',NULL,'2018-11-15 08:11:57',NULL),(793,8,105,NULL,NULL,NULL,NULL,NULL,'2018-11-15 08:11:57',NULL,'2018-11-15 08:11:57','2018-11-15 08:11:57',1,'2018-11-15 08:11:57',NULL,'2018-11-15 08:11:57',NULL),(794,8,106,NULL,NULL,NULL,NULL,NULL,'2018-11-15 08:11:57',NULL,'2018-11-15 08:11:57','2018-11-15 08:11:57',1,'2018-11-15 08:11:57',NULL,'2018-11-15 08:11:57',NULL),(795,8,107,NULL,NULL,NULL,NULL,NULL,'2018-11-15 08:11:57',NULL,'2018-11-15 08:11:57','2018-11-15 08:11:57',1,'2018-11-15 08:11:57',NULL,'2018-11-15 08:11:57',NULL),(796,8,108,NULL,NULL,NULL,NULL,NULL,'2018-11-15 08:11:57',NULL,'2018-11-15 08:11:57','2018-11-15 08:11:57',1,'2018-11-15 08:11:57',NULL,'2018-11-15 08:11:57',NULL),(797,8,109,NULL,NULL,NULL,NULL,NULL,'2018-11-15 08:11:57',NULL,'2018-11-15 08:11:57','2018-11-15 08:11:57',1,'2018-11-15 08:11:57',NULL,'2018-11-15 08:11:57',NULL),(798,8,110,NULL,NULL,NULL,NULL,NULL,'2018-11-15 08:11:57',NULL,'2018-11-15 08:11:57','2018-11-15 08:11:57',1,'2018-11-15 08:11:57',NULL,'2018-11-15 08:11:57',NULL),(799,8,111,NULL,NULL,NULL,NULL,NULL,'2018-11-15 08:11:57',NULL,'2018-11-15 08:11:57','2018-11-15 08:11:57',1,'2018-11-15 08:11:57',NULL,'2018-11-15 08:11:57',NULL),(800,8,112,NULL,NULL,NULL,NULL,NULL,'2018-11-15 08:11:57',NULL,'2018-11-15 08:11:57','2018-11-15 08:11:57',1,'2018-11-15 08:11:57',NULL,'2018-11-15 08:11:57',NULL);
/*!40000 ALTER TABLE `deviceport` ENABLE KEYS */;
UNLOCK TABLES;

--
-- Table structure for table `devices`
--

DROP TABLE IF EXISTS `devices`;
/*!40101 SET @saved_cs_client     = @@character_set_client */;
/*!40101 SET character_set_client = utf8 */;
CREATE TABLE `devices` (
  `device_id` int(11) NOT NULL AUTO_INCREMENT,
  `hostname` varchar(255) NOT NULL,
  `ipaddress` varchar(255) NOT NULL,
  `port` smallint(6) NOT NULL DEFAULT '502',
  `hardware` varchar(50) DEFAULT NULL,
  `status` varchar(50) DEFAULT NULL,
  `status_reason` varchar(50) DEFAULT NULL,
  `prev_status` varchar(50) DEFAULT NULL,
  `prev_status_reason` varchar(50) DEFAULT NULL,
  `disabled` tinyint(1) DEFAULT '0',
  `uptime` int(11) DEFAULT NULL,
  `agent_uptime` int(11) DEFAULT NULL,
  `last_polled` timestamp NOT NULL DEFAULT CURRENT_TIMESTAMP,
  `last_poll_attempted` timestamp NOT NULL DEFAULT CURRENT_TIMESTAMP,
  `last_polled_timetaken` int(11) DEFAULT NULL,
  `serial` varchar(50) DEFAULT NULL,
  `site_id` int(4) DEFAULT NULL,
  `latitude` decimal(10,0) DEFAULT NULL,
  `longitude` decimal(10,0) DEFAULT NULL,
  `tahundeployment` int(11) DEFAULT NULL,
  `created` timestamp NOT NULL DEFAULT CURRENT_TIMESTAMP,
  `createdby` int(4) DEFAULT NULL,
  `updated` timestamp NOT NULL DEFAULT CURRENT_TIMESTAMP,
  `updateby` int(4) DEFAULT NULL,
  PRIMARY KEY (`device_id`),
  UNIQUE KEY `hostname` (`hostname`),
  UNIQUE KEY `ipaddress` (`ipaddress`),
  KEY `fk-device-site-id` (`site_id`),
  CONSTRAINT `fk-device-site-id` FOREIGN KEY (`site_id`) REFERENCES `site` (`site_id`)
) ENGINE=InnoDB AUTO_INCREMENT=9 DEFAULT CHARSET=latin1;
/*!40101 SET character_set_client = @saved_cs_client */;

--
-- Dumping data for table `devices`
--

LOCK TABLES `devices` WRITE;
/*!40000 ALTER TABLE `devices` DISABLE KEYS */;
INSERT INTO `devices` VALUES (1,'Localhost','127.0.0.1',502,'','1',NULL,NULL,NULL,0,NULL,NULL,'2018-11-14 06:47:14','2018-11-14 06:47:14',NULL,'',1,NULL,NULL,NULL,'2018-11-14 06:47:14',NULL,'2018-11-14 06:47:14',NULL),(2,'10.16.31.21','10.16.31.21',502,'','1',NULL,NULL,NULL,0,NULL,NULL,'2018-11-15 07:21:09','2018-11-15 07:21:09',NULL,'',1,NULL,NULL,NULL,'2018-11-15 07:21:09',NULL,'2018-11-15 07:21:09',NULL),(3,'10.16.55.104','10.16.55.104',502,'','1',NULL,NULL,NULL,0,NULL,NULL,'2018-11-15 08:09:45','2018-11-15 08:09:45',NULL,'',1,NULL,NULL,NULL,'2018-11-15 08:09:45',NULL,'2018-11-15 08:09:45',NULL),(4,'10.16.55.103','10.16.55.103',502,'','1',NULL,NULL,NULL,0,NULL,NULL,'2018-11-15 08:10:04','2018-11-15 08:10:04',NULL,'',1,NULL,NULL,NULL,'2018-11-15 08:10:04',NULL,'2018-11-15 08:10:04',NULL),(5,'10.16.65.21','10.16.65.21',502,'','1',NULL,NULL,NULL,0,NULL,NULL,'2018-11-15 08:10:29','2018-11-15 08:10:29',NULL,'',1,NULL,NULL,NULL,'2018-11-15 08:10:29',NULL,'2018-11-15 08:10:29',NULL),(6,'10.16.65.203','10.16.65.203',502,'','1',NULL,NULL,NULL,0,NULL,NULL,'2018-11-15 08:10:52','2018-11-15 08:10:52',NULL,'',1,NULL,NULL,NULL,'2018-11-15 08:10:52',NULL,'2018-11-15 08:10:52',NULL),(7,'10.16.55.105','10.16.55.105',502,'','1',NULL,NULL,NULL,0,NULL,NULL,'2018-11-15 08:11:24','2018-11-15 08:11:24',NULL,'',1,NULL,NULL,NULL,'2018-11-15 08:11:24',NULL,'2018-11-15 08:11:24',NULL),(8,'10.16.55.101','10.16.55.101',502,'','1',NULL,NULL,NULL,0,NULL,NULL,'2018-11-15 08:11:55','2018-11-15 08:11:55',NULL,'',1,NULL,NULL,NULL,'2018-11-15 08:11:55',NULL,'2018-11-15 08:11:55',NULL);
/*!40000 ALTER TABLE `devices` ENABLE KEYS */;
UNLOCK TABLES;

--
-- Table structure for table `graphtype`
--

DROP TABLE IF EXISTS `graphtype`;
/*!40101 SET @saved_cs_client     = @@character_set_client */;
/*!40101 SET character_set_client = utf8 */;
CREATE TABLE `graphtype` (
  `graphtype_id` int(11) NOT NULL AUTO_INCREMENT,
  `name` varchar(100) NOT NULL,
  `description` varchar(255) DEFAULT NULL,
  `isactive` tinyint(1) NOT NULL DEFAULT '1',
  `created` timestamp NOT NULL DEFAULT CURRENT_TIMESTAMP,
  `createdby` int(4) DEFAULT NULL,
  `updated` timestamp NOT NULL DEFAULT CURRENT_TIMESTAMP,
  `updateby` int(4) DEFAULT NULL,
  PRIMARY KEY (`graphtype_id`),
  UNIQUE KEY `name` (`name`)
) ENGINE=InnoDB AUTO_INCREMENT=6 DEFAULT CHARSET=latin1;
/*!40101 SET character_set_client = @saved_cs_client */;

--
-- Dumping data for table `graphtype`
--

LOCK TABLES `graphtype` WRITE;
/*!40000 ALTER TABLE `graphtype` DISABLE KEYS */;
INSERT INTO `graphtype` VALUES (1,'NONE','No Graph',1,'2018-11-14 06:43:33',NULL,'2018-11-14 06:43:33',NULL),(2,'LINE',NULL,1,'2018-11-14 06:43:33',NULL,'2018-11-14 06:43:33',NULL),(3,'KNOB',NULL,1,'2018-11-14 06:43:33',NULL,'2018-11-14 06:43:33',NULL),(4,'BAR',NULL,1,'2018-11-14 06:43:33',NULL,'2018-11-14 06:43:33',NULL),(5,'PIE',NULL,1,'2018-11-14 06:43:33',NULL,'2018-11-14 06:43:33',NULL);
/*!40000 ALTER TABLE `graphtype` ENABLE KEYS */;
UNLOCK TABLES;

--
-- Table structure for table `migration`
--

DROP TABLE IF EXISTS `migration`;
/*!40101 SET @saved_cs_client     = @@character_set_client */;
/*!40101 SET character_set_client = utf8 */;
CREATE TABLE `migration` (
  `version` varchar(180) NOT NULL,
  `apply_time` int(11) DEFAULT NULL,
  PRIMARY KEY (`version`)
) ENGINE=InnoDB DEFAULT CHARSET=latin1;
/*!40101 SET character_set_client = @saved_cs_client */;

--
-- Dumping data for table `migration`
--

LOCK TABLES `migration` WRITE;
/*!40000 ALTER TABLE `migration` DISABLE KEYS */;
INSERT INTO `migration` VALUES ('m000000_000000_base',1542177809),('m130524_201442_init',1542177812),('m140506_102106_rbac_init',1542177812),('m181106_053738_create_site_table',1542177812),('m181106_062212_create_devices_table',1542177812),('m181106_094410_create_poll_table',1542177813),('m181107_091346_create_polldata_table',1542177813),('m181109_052026_create_graphtype_table',1542177813),('m181109_052853_create_pollreport_table',1542177813),('m181109_052902_create_pollreportdetail_table',1542177813),('m181109_053349_create_portgroup_table',1542177813),('m181109_053403_create_ports_table',1542177813),('m181109_054218_create_portrelation_table',1542177814),('m181109_062024_create_deviceport_table',1542177814),('m181110_104043_create_settings_table',1542177814);
/*!40000 ALTER TABLE `migration` ENABLE KEYS */;
UNLOCK TABLES;

--
-- Table structure for table `poll`
--

DROP TABLE IF EXISTS `poll`;
/*!40101 SET @saved_cs_client     = @@character_set_client */;
/*!40101 SET character_set_client = utf8 */;
CREATE TABLE `poll` (
  `poll_id` int(11) NOT NULL AUTO_INCREMENT,
  `device_id` int(11) NOT NULL,
  `success` tinyint(1) DEFAULT '1',
  `processed` tinyint(1) DEFAULT '0',
  `poll_attempted` timestamp NOT NULL DEFAULT CURRENT_TIMESTAMP,
  `poll_prevattempted` timestamp NOT NULL DEFAULT CURRENT_TIMESTAMP,
  PRIMARY KEY (`poll_id`),
  KEY `fk-poll-device-id` (`device_id`),
  CONSTRAINT `fk-poll-device-id` FOREIGN KEY (`device_id`) REFERENCES `devices` (`device_id`)
) ENGINE=InnoDB AUTO_INCREMENT=53 DEFAULT CHARSET=latin1;
/*!40101 SET character_set_client = @saved_cs_client */;

--
-- Dumping data for table `poll`
--

LOCK TABLES `poll` WRITE;
/*!40000 ALTER TABLE `poll` DISABLE KEYS */;
INSERT INTO `poll` VALUES (21,2,0,0,'2018-11-15 08:07:33','2018-11-15 08:07:33'),(22,2,0,0,'2018-11-15 08:07:45','2018-11-15 08:07:45'),(23,2,0,0,'2018-11-15 08:07:46','2018-11-15 08:07:46'),(24,2,0,0,'2018-11-15 08:07:47','2018-11-15 08:07:47'),(25,2,0,0,'2018-11-15 08:07:49','2018-11-15 08:07:49'),(26,2,0,0,'2018-11-15 08:07:49','2018-11-15 08:07:49'),(27,2,0,0,'2018-11-15 08:07:50','2018-11-15 08:07:50'),(28,2,0,0,'2018-11-15 08:07:52','2018-11-15 08:07:52'),(29,2,0,0,'2018-11-15 08:07:52','2018-11-15 08:07:52'),(30,2,0,0,'2018-11-15 08:07:53','2018-11-15 08:07:53'),(31,2,0,0,'2018-11-15 08:07:54','2018-11-15 08:07:54'),(32,2,0,0,'2018-11-15 08:07:55','2018-11-15 08:07:55'),(33,2,0,0,'2018-11-15 08:07:56','2018-11-15 08:07:56'),(34,2,0,0,'2018-11-15 08:07:57','2018-11-15 08:07:57'),(35,3,0,0,'2018-11-15 08:12:05','2018-11-15 08:12:05'),(36,6,0,0,'2018-11-15 08:12:05','2018-11-15 08:12:05'),(37,2,0,0,'2018-11-15 08:12:05','2018-11-15 08:12:05'),(38,4,0,0,'2018-11-15 08:12:05','2018-11-15 08:12:05'),(39,7,0,0,'2018-11-15 08:12:05','2018-11-15 08:12:05'),(40,8,0,0,'2018-11-15 08:12:23','2018-11-15 08:12:23'),(41,2,0,0,'2018-11-15 08:12:51','2018-11-15 08:12:51'),(42,3,0,0,'2018-11-15 08:12:51','2018-11-15 08:12:51'),(43,6,0,0,'2018-11-15 08:12:51','2018-11-15 08:12:51'),(44,7,0,0,'2018-11-15 08:12:51','2018-11-15 08:12:51'),(45,4,0,0,'2018-11-15 08:12:51','2018-11-15 08:12:51'),(46,8,0,0,'2018-11-15 08:13:09','2018-11-15 08:13:09'),(47,2,0,0,'2018-11-15 08:13:57','2018-11-15 08:13:57'),(48,6,0,0,'2018-11-15 08:13:57','2018-11-15 08:13:57'),(49,3,0,0,'2018-11-15 08:13:57','2018-11-15 08:13:57'),(50,7,0,0,'2018-11-15 08:13:57','2018-11-15 08:13:57'),(51,4,0,0,'2018-11-15 08:13:57','2018-11-15 08:13:57'),(52,8,0,0,'2018-11-15 08:14:15','2018-11-15 08:14:15');
/*!40000 ALTER TABLE `poll` ENABLE KEYS */;
UNLOCK TABLES;

--
-- Table structure for table `polldata`
--

DROP TABLE IF EXISTS `polldata`;
/*!40101 SET @saved_cs_client     = @@character_set_client */;
/*!40101 SET character_set_client = utf8 */;
CREATE TABLE `polldata` (
  `id` int(11) NOT NULL AUTO_INCREMENT,
  `poll_id` int(11) NOT NULL,
  `isdigital` tinyint(1) DEFAULT '1',
  `data` text,
  `data_length` int(4) DEFAULT NULL,
  `processed` tinyint(1) DEFAULT '0',
  `created` timestamp NOT NULL DEFAULT CURRENT_TIMESTAMP,
  PRIMARY KEY (`id`),
  KEY `fk-poll-data-id` (`poll_id`),
  CONSTRAINT `fk-poll-data-id` FOREIGN KEY (`poll_id`) REFERENCES `poll` (`poll_id`)
) ENGINE=InnoDB AUTO_INCREMENT=89 DEFAULT CHARSET=latin1;
/*!40101 SET character_set_client = @saved_cs_client */;

--
-- Dumping data for table `polldata`
--

LOCK TABLES `polldata` WRITE;
/*!40000 ALTER TABLE `polldata` DISABLE KEYS */;
INSERT INTO `polldata` VALUES (31,21,0,'[203, 163, 251, 219, 170, 183, 143, 180, 189, 510, 102, 529, 539, 536, 538, 501, 43264, 19345, 9609, 590, 0, 927, 839, 879, 3880, 3842, 3899, 2242, 2225, 2246, 84, 108, 98, 0, 0, 0, 0, 0, 0, 0, 0, 0, 0, 0, 0, 0, 0, 0, 0, 0, 0, 0, 0, 43, 43770, 32767, 65535, 266, 92, 0, 0, 0, 65535, 65535, 65535, 65535, 0, 0, 0, 0, 0, 0, 0, 0, 0, 0, 0, 0, 0, 0, 0, 0, 0, 0, 0, 0, 0, 0, 0, 0, 262, 768, 1028, 0, 2, 1028, 4, 1890, 5100, 0, 262, 768, 515, 1000, 90, 515, 180, 43264, 19345, 14499, 19153, 5961, 17421, 34681, 17427, 45886, 17192, 64813, 16245, 19936, 17345, 40448, 17247, 30712, 17500]',125,0,'2018-11-15 08:07:33'),(32,21,1,'[False, False, False, False, False, False, False, False, False, False, False, False, False, False, False, True, False, False, False, False, False, False, False, False, False, False, False, False, False, False, False, False, False, False, False, False, False, False, False, False, False, False, False, False, False, False, False, False, False, False, False, False, False, False, False, False, False, False, False, False, False, False, False, False]',64,0,'2018-11-15 08:07:33'),(33,22,0,'[202, 163, 251, 218, 170, 183, 143, 180, 189, 510, 102, 530, 540, 535, 538, 501, 43264, 19345, 9609, 590, 0, 927, 839, 879, 3880, 3842, 3899, 2242, 2225, 2246, 84, 108, 98, 0, 0, 0, 0, 0, 0, 0, 0, 0, 0, 0, 0, 0, 0, 0, 0, 0, 0, 0, 0, 43, 43770, 32767, 65535, 266, 92, 0, 0, 0, 65535, 65535, 65535, 65535, 0, 0, 0, 0, 0, 0, 0, 0, 0, 0, 0, 0, 0, 0, 0, 0, 0, 0, 0, 0, 0, 0, 0, 0, 262, 768, 1028, 0, 2, 1028, 4, 1890, 5100, 0, 262, 768, 515, 1000, 90, 515, 180, 43264, 19345, 14499, 19153, 5961, 17421, 34681, 17427, 45886, 17192, 64813, 16245, 19936, 17345, 40448, 17247, 30712, 17500]',125,0,'2018-11-15 08:07:45'),(34,22,1,'[False, False, False, False, False, False, False, False, False, False, False, False, False, False, False, True, False, False, False, False, False, False, False, False, False, False, False, False, False, False, False, False, False, False, False, False, False, False, False, False, False, False, False, False, False, False, False, False, False, False, False, False, False, False, False, False, False, False, False, False, False, False, False, False]',64,0,'2018-11-15 08:07:45'),(35,23,0,'[203, 163, 251, 219, 170, 183, 143, 180, 189, 510, 102, 530, 540, 535, 537, 501, 43264, 19345, 9609, 590, 0, 927, 839, 879, 3880, 3842, 3899, 2242, 2225, 2246, 84, 108, 98, 0, 0, 0, 0, 0, 0, 0, 0, 0, 0, 0, 0, 0, 0, 0, 0, 0, 0, 0, 0, 43, 43770, 32767, 65535, 266, 92, 0, 0, 0, 65535, 65535, 65535, 65535, 0, 0, 0, 0, 0, 0, 0, 0, 0, 0, 0, 0, 0, 0, 0, 0, 0, 0, 0, 0, 0, 0, 0, 0, 262, 768, 1028, 0, 2, 1028, 4, 1890, 5100, 0, 262, 768, 515, 1000, 90, 515, 180, 43264, 19345, 14499, 19153, 5961, 17421, 34681, 17427, 45886, 17192, 64813, 16245, 19936, 17345, 40448, 17247, 30712, 17500]',125,0,'2018-11-15 08:07:46'),(36,23,1,'[False, False, False, False, False, False, False, False, False, False, False, False, False, False, False, True, False, False, False, False, False, False, False, False, False, False, False, False, False, False, False, False, False, False, False, False, False, False, False, False, False, False, False, False, False, False, False, False, False, False, False, False, False, False, False, False, False, False, False, False, False, False, False, False]',64,0,'2018-11-15 08:07:46'),(37,24,0,'[203, 162, 251, 219, 170, 183, 143, 180, 189, 510, 102, 530, 540, 535, 538, 501, 43264, 19345, 9609, 590, 0, 927, 839, 879, 3880, 3842, 3899, 2242, 2225, 2246, 84, 108, 98, 0, 0, 0, 0, 0, 0, 0, 0, 0, 0, 0, 0, 0, 0, 0, 0, 0, 0, 0, 0, 43, 43770, 32767, 65535, 266, 92, 0, 0, 0, 65535, 65535, 65535, 65535, 0, 0, 0, 0, 0, 0, 0, 0, 0, 0, 0, 0, 0, 0, 0, 0, 0, 0, 0, 0, 0, 0, 0, 0, 262, 768, 1028, 0, 2, 1028, 4, 1890, 5100, 0, 262, 768, 515, 1000, 90, 515, 180, 43264, 19345, 14499, 19153, 5961, 17421, 34681, 17427, 45886, 17192, 64813, 16245, 19936, 17345, 40448, 17247, 30712, 17500]',125,0,'2018-11-15 08:07:47'),(38,24,1,'[False, False, False, False, False, False, False, False, False, False, False, False, False, False, False, True, False, False, False, False, False, False, False, False, False, False, False, False, False, False, False, False, False, False, False, False, False, False, False, False, False, False, False, False, False, False, False, False, False, False, False, False, False, False, False, False, False, False, False, False, False, False, False, False]',64,0,'2018-11-15 08:07:47'),(39,25,0,'[202, 163, 251, 219, 170, 183, 143, 180, 189, 510, 102, 529, 540, 535, 538, 501, 43264, 19345, 9609, 590, 0, 927, 839, 879, 3880, 3842, 3899, 2242, 2225, 2246, 84, 108, 98, 0, 0, 0, 0, 0, 0, 0, 0, 0, 0, 0, 0, 0, 0, 0, 0, 0, 0, 0, 0, 43, 43770, 32767, 65535, 266, 92, 0, 0, 0, 65535, 65535, 65535, 65535, 0, 0, 0, 0, 0, 0, 0, 0, 0, 0, 0, 0, 0, 0, 0, 0, 0, 0, 0, 0, 0, 0, 0, 0, 262, 768, 1028, 0, 2, 1028, 4, 1890, 5100, 0, 262, 768, 515, 1000, 90, 515, 180, 43264, 19345, 14499, 19153, 5961, 17421, 34681, 17427, 45886, 17192, 64813, 16245, 19936, 17345, 40448, 17247, 30712, 17500]',125,0,'2018-11-15 08:07:49'),(40,25,1,'[False, False, False, False, False, False, False, False, False, False, False, False, False, False, False, True, False, False, False, False, False, False, False, False, False, False, False, False, False, False, False, False, False, False, False, False, False, False, False, False, False, False, False, False, False, False, False, False, False, False, False, False, False, False, False, False, False, False, False, False, False, False, False, False]',64,0,'2018-11-15 08:07:49'),(41,26,0,'[203, 163, 250, 217, 170, 183, 143, 180, 189, 510, 102, 529, 540, 535, 537, 501, 43264, 19345, 9609, 590, 0, 927, 839, 879, 3880, 3842, 3899, 2242, 2225, 2246, 84, 108, 98, 0, 0, 0, 0, 0, 0, 0, 0, 0, 0, 0, 0, 0, 0, 0, 0, 0, 0, 0, 0, 43, 43770, 32767, 65535, 266, 92, 0, 0, 0, 65535, 65535, 65535, 65535, 0, 0, 0, 0, 0, 0, 0, 0, 0, 0, 0, 0, 0, 0, 0, 0, 0, 0, 0, 0, 0, 0, 0, 0, 262, 768, 1028, 0, 2, 1028, 4, 1890, 5100, 0, 262, 768, 515, 1000, 90, 515, 180, 43264, 19345, 14499, 19153, 5961, 17421, 34681, 17427, 45886, 17192, 64813, 16245, 19936, 17345, 40448, 17247, 30712, 17500]',125,0,'2018-11-15 08:07:49'),(42,26,1,'[False, False, False, False, False, False, False, False, False, False, False, False, False, False, False, True, False, False, False, False, False, False, False, False, False, False, False, False, False, False, False, False, False, False, False, False, False, False, False, False, False, False, False, False, False, False, False, False, False, False, False, False, False, False, False, False, False, False, False, False, False, False, False, False]',64,0,'2018-11-15 08:07:49'),(43,27,0,'[202, 163, 250, 218, 170, 183, 143, 180, 189, 510, 102, 529, 540, 535, 538, 501, 43264, 19345, 9609, 590, 0, 927, 839, 879, 3880, 3842, 3899, 2242, 2225, 2246, 84, 108, 98, 0, 0, 0, 0, 0, 0, 0, 0, 0, 0, 0, 0, 0, 0, 0, 0, 0, 0, 0, 0, 43, 43770, 32767, 65535, 266, 92, 0, 0, 0, 65535, 65535, 65535, 65535, 0, 0, 0, 0, 0, 0, 0, 0, 0, 0, 0, 0, 0, 0, 0, 0, 0, 0, 0, 0, 0, 0, 0, 0, 262, 768, 1028, 0, 2, 1028, 4, 1890, 5100, 0, 262, 768, 515, 1000, 90, 515, 180, 43264, 19345, 14499, 19153, 5961, 17421, 34681, 17427, 45886, 17192, 64813, 16245, 19936, 17345, 40448, 17247, 30712, 17500]',125,0,'2018-11-15 08:07:50'),(44,27,1,'[False, False, False, False, False, False, False, False, False, False, False, False, False, False, False, True, False, False, False, False, False, False, False, False, False, False, False, False, False, False, False, False, False, False, False, False, False, False, False, False, False, False, False, False, False, False, False, False, False, False, False, False, False, False, False, False, False, False, False, False, False, False, False, False]',64,0,'2018-11-15 08:07:50'),(45,28,0,'[203, 164, 251, 218, 170, 183, 143, 180, 189, 510, 102, 530, 540, 535, 538, 501, 43264, 19345, 9609, 590, 0, 927, 839, 879, 3880, 3842, 3899, 2242, 2225, 2246, 84, 108, 98, 0, 0, 0, 0, 0, 0, 0, 0, 0, 0, 0, 0, 0, 0, 0, 0, 0, 0, 0, 0, 43, 43770, 32767, 65535, 266, 92, 0, 0, 0, 65535, 65535, 65535, 65535, 0, 0, 0, 0, 0, 0, 0, 0, 0, 0, 0, 0, 0, 0, 0, 0, 0, 0, 0, 0, 0, 0, 0, 0, 262, 768, 1028, 0, 2, 1028, 4, 1890, 5100, 0, 262, 768, 515, 1000, 90, 515, 180, 43264, 19345, 14499, 19153, 5961, 17421, 34681, 17427, 45886, 17192, 64813, 16245, 19936, 17345, 40448, 17247, 30712, 17500]',125,0,'2018-11-15 08:07:52'),(46,28,1,'[False, False, False, False, False, False, False, False, False, False, False, False, False, False, False, True, False, False, False, False, False, False, False, False, False, False, False, False, False, False, False, False, False, False, False, False, False, False, False, False, False, False, False, False, False, False, False, False, False, False, False, False, False, False, False, False, False, False, False, False, False, False, False, False]',64,0,'2018-11-15 08:07:52'),(47,29,0,'[202, 163, 251, 218, 170, 183, 143, 180, 189, 510, 102, 529, 540, 535, 538, 501, 43264, 19345, 9609, 590, 0, 927, 839, 879, 3880, 3842, 3899, 2242, 2225, 2246, 84, 108, 98, 0, 0, 0, 0, 0, 0, 0, 0, 0, 0, 0, 0, 0, 0, 0, 0, 0, 0, 0, 0, 43, 43770, 32767, 65535, 266, 92, 0, 0, 0, 65535, 65535, 65535, 65535, 0, 0, 0, 0, 0, 0, 0, 0, 0, 0, 0, 0, 0, 0, 0, 0, 0, 0, 0, 0, 0, 0, 0, 0, 262, 768, 1028, 0, 2, 1028, 4, 1890, 5100, 0, 262, 768, 515, 1000, 90, 515, 180, 43264, 19345, 14499, 19153, 5961, 17421, 34681, 17427, 45886, 17192, 64813, 16245, 19936, 17345, 40448, 17247, 30712, 17500]',125,0,'2018-11-15 08:07:52'),(48,29,1,'[False, False, False, False, False, False, False, False, False, False, False, False, False, False, False, True, False, False, False, False, False, False, False, False, False, False, False, False, False, False, False, False, False, False, False, False, False, False, False, False, False, False, False, False, False, False, False, False, False, False, False, False, False, False, False, False, False, False, False, False, False, False, False, False]',64,0,'2018-11-15 08:07:52'),(49,30,0,'[203, 163, 252, 219, 170, 183, 143, 180, 189, 510, 102, 529, 540, 535, 538, 501, 43264, 19345, 9609, 590, 0, 927, 839, 879, 3880, 3842, 3899, 2242, 2225, 2246, 84, 108, 98, 0, 0, 0, 0, 0, 0, 0, 0, 0, 0, 0, 0, 0, 0, 0, 0, 0, 0, 0, 0, 43, 43770, 32767, 65535, 266, 92, 0, 0, 0, 65535, 65535, 65535, 65535, 0, 0, 0, 0, 0, 0, 0, 0, 0, 0, 0, 0, 0, 0, 0, 0, 0, 0, 0, 0, 0, 0, 0, 0, 262, 768, 1028, 0, 2, 1028, 4, 1890, 5100, 0, 262, 768, 515, 1000, 90, 515, 180, 43264, 19345, 14499, 19153, 5961, 17421, 34681, 17427, 45886, 17192, 64813, 16245, 19936, 17345, 40448, 17247, 30712, 17500]',125,0,'2018-11-15 08:07:53'),(50,30,1,'[False, False, False, False, False, False, False, False, False, False, False, False, False, False, False, True, False, False, False, False, False, False, False, False, False, False, False, False, False, False, False, False, False, False, False, False, False, False, False, False, False, False, False, False, False, False, False, False, False, False, False, False, False, False, False, False, False, False, False, False, False, False, False, False]',64,0,'2018-11-15 08:07:53'),(51,31,0,'[203, 163, 251, 219, 170, 183, 143, 180, 189, 510, 102, 529, 540, 536, 537, 501, 43264, 19345, 9609, 590, 0, 927, 839, 879, 3880, 3842, 3899, 2242, 2225, 2246, 84, 108, 98, 0, 0, 0, 0, 0, 0, 0, 0, 0, 0, 0, 0, 0, 0, 0, 0, 0, 0, 0, 0, 43, 43770, 32767, 65535, 266, 92, 0, 0, 0, 65535, 65535, 65535, 65535, 0, 0, 0, 0, 0, 0, 0, 0, 0, 0, 0, 0, 0, 0, 0, 0, 0, 0, 0, 0, 0, 0, 0, 0, 262, 768, 1028, 0, 2, 1028, 4, 1890, 5100, 0, 262, 768, 515, 1000, 90, 515, 180, 43264, 19345, 14499, 19153, 5961, 17421, 34681, 17427, 45886, 17192, 64813, 16245, 19936, 17345, 40448, 17247, 30712, 17500]',125,0,'2018-11-15 08:07:54'),(52,31,1,'[False, False, False, False, False, False, False, False, False, False, False, False, False, False, False, True, False, False, False, False, False, False, False, False, False, False, False, False, False, False, False, False, False, False, False, False, False, False, False, False, False, False, False, False, False, False, False, False, False, False, False, False, False, False, False, False, False, False, False, False, False, False, False, False]',64,0,'2018-11-15 08:07:54'),(53,32,0,'[203, 163, 251, 218, 170, 183, 143, 180, 189, 510, 102, 529, 540, 536, 537, 501, 43264, 19345, 9609, 590, 0, 927, 839, 879, 3880, 3842, 3899, 2242, 2225, 2246, 84, 108, 98, 0, 0, 0, 0, 0, 0, 0, 0, 0, 0, 0, 0, 0, 0, 0, 0, 0, 0, 0, 0, 43, 43770, 32767, 65535, 266, 92, 0, 0, 0, 65535, 65535, 65535, 65535, 0, 0, 0, 0, 0, 0, 0, 0, 0, 0, 0, 0, 0, 0, 0, 0, 0, 0, 0, 0, 0, 0, 0, 0, 262, 768, 1028, 0, 2, 1028, 4, 1890, 5100, 0, 262, 768, 515, 1000, 90, 515, 180, 43264, 19345, 14499, 19153, 5961, 17421, 34681, 17427, 45886, 17192, 64813, 16245, 19936, 17345, 40448, 17247, 30712, 17500]',125,0,'2018-11-15 08:07:55'),(54,32,1,'[False, False, False, False, False, False, False, False, False, False, False, False, False, False, False, True, False, False, False, False, False, False, False, False, False, False, False, False, False, False, False, False, False, False, False, False, False, False, False, False, False, False, False, False, False, False, False, False, False, False, False, False, False, False, False, False, False, False, False, False, False, False, False, False]',64,0,'2018-11-15 08:07:55'),(55,33,0,'[202, 163, 251, 218, 170, 183, 143, 180, 189, 510, 102, 529, 540, 535, 537, 501, 43264, 19345, 9609, 590, 0, 927, 839, 879, 3880, 3842, 3899, 2242, 2225, 2246, 84, 108, 98, 0, 0, 0, 0, 0, 0, 0, 0, 0, 0, 0, 0, 0, 0, 0, 0, 0, 0, 0, 0, 43, 43770, 32767, 65535, 266, 92, 0, 0, 0, 65535, 65535, 65535, 65535, 0, 0, 0, 0, 0, 0, 0, 0, 0, 0, 0, 0, 0, 0, 0, 0, 0, 0, 0, 0, 0, 0, 0, 0, 262, 768, 1028, 0, 2, 1028, 4, 1890, 5100, 0, 262, 768, 515, 1000, 90, 515, 180, 43264, 19345, 14499, 19153, 5961, 17421, 34681, 17427, 45886, 17192, 64813, 16245, 19936, 17345, 40448, 17247, 30712, 17500]',125,0,'2018-11-15 08:07:56'),(56,33,1,'[False, False, False, False, False, False, False, False, False, False, False, False, False, False, False, True, False, False, False, False, False, False, False, False, False, False, False, False, False, False, False, False, False, False, False, False, False, False, False, False, False, False, False, False, False, False, False, False, False, False, False, False, False, False, False, False, False, False, False, False, False, False, False, False]',64,0,'2018-11-15 08:07:56'),(57,34,0,'[202, 163, 251, 219, 170, 183, 143, 180, 189, 510, 102, 530, 540, 535, 537, 501, 43264, 19345, 9609, 590, 0, 927, 839, 879, 3880, 3842, 3899, 2242, 2225, 2246, 84, 108, 98, 0, 0, 0, 0, 0, 0, 0, 0, 0, 0, 0, 0, 0, 0, 0, 0, 0, 0, 0, 0, 43, 43770, 32767, 65535, 266, 92, 0, 0, 0, 65535, 65535, 65535, 65535, 0, 0, 0, 0, 0, 0, 0, 0, 0, 0, 0, 0, 0, 0, 0, 0, 0, 0, 0, 0, 0, 0, 0, 0, 262, 768, 1028, 0, 2, 1028, 4, 1890, 5100, 0, 262, 768, 515, 1000, 90, 515, 180, 43264, 19345, 14499, 19153, 5961, 17421, 34681, 17427, 45886, 17192, 64813, 16245, 19936, 17345, 40448, 17247, 30712, 17500]',125,0,'2018-11-15 08:07:57'),(58,34,1,'[False, False, False, False, False, False, False, False, False, False, False, False, False, False, False, True, False, False, False, False, False, False, False, False, False, False, False, False, False, False, False, False, False, False, False, False, False, False, False, False, False, False, False, False, False, False, False, False, False, False, False, False, False, False, False, False, False, False, False, False, False, False, False, False]',64,0,'2018-11-15 08:07:57'),(59,35,0,'[8500, 242, 206, 210, 529, 532, 0, 0, 0, 0, 0, 0, 0, 0, 0, 469, 5642, 41755, 9769, 511, 860, 766, 700, 678, 3883, 3908, 3880, 2240, 2253, 2252, 15, 14, 14, 0, 0, 0, 0, 0, 0, 0, 0, 0, 3850, 0, 3841, 0, 3842, 0, 2225, 0, 2221, 0, 2214, 3, 43243, 32767, 65535, 279, 65535, 0, 0, 0, 65535, 65535, 65535, 65534, 0, 0, 0, 0, 262, 768, 515, 4104, 7, 515, 14, 65535, 65535, 65535, 65534, 0, 12945, 20, 0, 0, 0, 0, 0, 0, 262, 768, 515, 3999, 52, 515, 104, 5642, 41755, 5859, 16537, 1555, 28101, 469, 480, 101, 9769, 3888, 2244, 713, 5029, 498, 511, 110, 839, 860, 224, 766, 700, 678, 128, 828, 768, 750, 1399]',125,0,'2018-11-15 08:12:05'),(60,36,0,'[177, 133, 201, 142, 0, 0, 0, 0, 0, 0, 0, 0, 517, 531, 773, 5019, 3795, 53299, 9617, 803, 1501, 1210, 1055, 1224, 3958, 4006, 3994, 2287, 2297, 2317, 156, 119, 81, 0, 0, 0, 0, 0, 0, 0, 0, 0, 0, 0, 0, 0, 0, 0, 0, 0, 0, 0, 0, 1691, 59269, 32767, 65535, 280, 0, 0, 0, 32767, 65535, 65535, 65534, 0, 0, 0, 0, 0, 0, 0, 0, 0, 0, 0, 0, 0, 0, 0, 0, 0, 0, 0, 0, 0, 0, 0, 0, 0, 0, 0, 0, 0, 0, 0, 0, 0, 0, 0, 0, 3795, 53299, 3938, 15675, 1033, 44791, 773, 803, 220, 9617, 3985, 2300, 1164, 5019, 798, 835, 245, 1147, 1180, 333, 1210, 1055, 1224, 445]',125,0,'2018-11-15 08:12:05'),(61,37,0,'[203, 162, 251, 217, 171, 171, 142, 182, 189, 506, 102, 530, 540, 535, 537, 505, 43264, 19345, 9572, 586, 0, 903, 826, 890, 3900, 3863, 3900, 2249, 2231, 2233, 90, 112, 91, 0, 0, 0, 0, 0, 0, 0, 0, 0, 0, 0, 0, 0, 0, 0, 0, 0, 0, 0, 0, 43, 43770, 32767, 65535, 266, 92, 0, 0, 0, 65535, 65535, 65535, 65535, 0, 0, 0, 0, 0, 0, 0, 0, 0, 0, 0, 0, 0, 0, 0, 0, 0, 0, 0, 0, 0, 0, 0, 0, 262, 768, 1028, 0, 2, 1028, 4, 1890, 5060, 0, 262, 768, 515, 1000, 90, 515, 180, 43264, 19345, 14547, 19153, 6015, 17420, 28490, 17426, 15122, 17187, 3087, 16245, 55912, 17346, 12108, 17247, 44932, 17497]',125,0,'2018-11-15 08:12:05'),(62,37,1,'[False, False, False, False, False, False, False, False, False, False, False, False, False, False, False, True, False, False, False, False, False, False, False, False, False, False, False, False, False, False, False, False, False, False, False, False, False, False, False, False, False, False, False, False, False, False, False, False, False, False, False, False, False, False, False, False, False, False, False, False, False, False, False, False]',64,0,'2018-11-15 08:12:05'),(63,39,0,'[6000, 6000, 169, 211, 0, 0, 0, 0, 0, 768, 0, 0, 536, 535, 0, 504, 0, 18394, 9840, 77, 0, 202, 83, 50, 3992, 4014, 3965, 2293, 2320, 2291, 149, 222, 91, 0, 0, 0, 0, 0, 0, 0, 0, 0, 0, 0, 0, 0, 0, 0, 0, 0, 0, 0, 0, 0, 0, 0, 0, 0, 0, 0, 0, 0, 65535, 65535, 65534, 0, 0, 0, 0, 0, 894, 892, 0, 0, 0, 0, 0, 0, 0, 0, 0, 0, 0, 0, 0, 0, 0, 0, 0, 0, 262, 768, 1028, 0, 2, 0, 0, 0, 0, 0, 262, 768, 515, 1000, 90, 515, 180, 0, 18394, 60645, 18126, 61101, 16627, 46531, 16631, 42081, 16299, 59244, 16251, 61288, 17351, 27918, 17254, 20566, 16691]',125,0,'2018-11-15 08:12:05'),(64,35,1,'[False, False, False, False, False, False, False, False, False, False, False, True, False, True, False, False, False, False, False, True, True, False, False, False, False, False, False, False, True, False, False, False, False, False, False, False, True, False, False, False, False, False, False, False, False, False, False, False, False, False, False, False, False, False, False, False, False, False, False, False, False, False, False, True]',64,0,'2018-11-15 08:12:05'),(65,36,1,'[False, False, False, False, False, False, False, False, False, False, False, False, False, False, False, False, False, False, False, False, False, True, True, True, True, False, False, False, False, False, False, False, False, False, False, False, True, False, False, False, False, False, False, False, False, False, False, False, False, False, False, False, False, False, False, False, False, False, False, False, False, False, False, False]',64,0,'2018-11-15 08:12:05'),(66,38,0,'[174, 6000, 209, 190, 541, 534, 0, 0, 0, 11536, 0, 0, 541, 534, 5030, 1372, 6455, 8407, 9814, 1398, 2111, 1983, 2188, 2045, 3901, 3882, 3904, 2257, 2242, 2247, 17, 15, 16, 0, 0, 0, 0, 0, 0, 0, 0, 0, 0, 0, 0, 0, 0, 0, 0, 0, 0, 0, 0, 36, 45831, 32761, 65530, 293, 65532, 0, 0, 0, 65535, 65535, 65534, 0, 0, 0, 0, 0, 0, 0, 0, 0, 0, 0, 0, 0, 0, 0, 0, 0, 0, 0, 0, 0, 0, 0, 0, 0, 0, 0, 0, 0, 0, 0, 0, 0, 0, 0, 0, 6455, 8407, 6602, 31294, 1368, 24230, 1372, 1398, 267, 9814, 3895, 2249, 2073, 5030, 1392, 1426, 306, 1858, 1876, 432, 1983, 2188, 2045, 568]',125,0,'2018-11-15 08:12:05'),(67,39,1,'[False, False, False, False, False, False, False, False, False, False, False, True, False, True, True, False, False, False, False, False, False, False, False, False, False, False, False, False, True, False, False, False, False, False, False, False, True, False, False, False, False, False, False, False, False, False, False, False, False, False, False, False, False, False, False, False, False, False, False, False, False, False, False, True]',64,0,'2018-11-15 08:12:05'),(68,38,1,'[False, False, False, False, False, False, False, False, False, False, False, False, False, False, True, False, False, True, True, False, False, False, False, False, False, False, False, True, True, False, False, False, False, False, False, False, True, False, False, False, False, False, False, False, False, False, False, False, False, True, False, False, False, False, False, False, False, False, False, False, False, False, False, False]',64,0,'2018-11-15 08:12:05'),(69,41,0,'[202, 163, 251, 220, 172, 171, 141, 182, 189, 506, 102, 529, 540, 535, 537, 501, 43361, 19345, 9580, 581, 0, 907, 826, 877, 3900, 3869, 3895, 2245, 2237, 2231, 76, 115, 102, 0, 0, 0, 0, 0, 0, 0, 0, 0, 0, 0, 0, 0, 0, 0, 0, 0, 0, 0, 0, 43, 43770, 32767, 65535, 266, 92, 0, 0, 0, 65535, 65535, 65535, 65535, 0, 0, 0, 0, 0, 0, 0, 0, 0, 0, 0, 0, 0, 0, 0, 0, 0, 0, 0, 0, 0, 0, 0, 0, 262, 768, 1028, 0, 2, 1028, 4, 1890, 5060, 0, 262, 768, 515, 1000, 90, 515, 180, 43361, 19345, 14549, 19153, 6017, 17420, 15075, 17425, 64181, 17186, 17005, 16245, 60134, 17346, 16066, 17247, 49152, 17497]',125,0,'2018-11-15 08:12:51'),(70,42,0,'[8500, 245, 207, 210, 529, 532, 0, 0, 0, 0, 0, 0, 0, 0, 0, 514, 5642, 41811, 9744, 511, 860, 837, 779, 735, 3888, 3901, 3871, 2239, 2250, 2241, 16, 15, 14, 0, 0, 0, 0, 0, 0, 0, 0, 0, 3850, 0, 3838, 0, 3864, 0, 2227, 0, 2219, 0, 2224, 3, 43286, 32767, 65535, 279, 65535, 0, 0, 0, 65535, 65535, 65535, 65534, 0, 0, 0, 0, 262, 768, 515, 4104, 7, 515, 14, 65535, 65535, 65535, 65534, 0, 12945, 20, 0, 0, 0, 0, 0, 0, 262, 768, 515, 3999, 52, 515, 104, 5642, 41811, 5859, 16595, 1555, 28113, 514, 528, 117, 9744, 3887, 2243, 784, 5031, 498, 511, 110, 839, 860, 224, 837, 779, 735, 141, 828, 768, 750, 1399]',125,0,'2018-11-15 08:12:51'),(71,41,1,'[False, False, False, False, False, False, False, False, False, False, False, False, False, False, False, True, False, False, False, False, False, False, False, False, False, False, False, False, False, False, False, False, False, False, False, False, False, False, False, False, False, False, False, False, False, False, False, False, False, False, False, False, False, False, False, False, False, False, False, False, False, False, False, False]',64,0,'2018-11-15 08:12:51'),(72,43,0,'[177, 132, 201, 129, 0, 0, 0, 0, 0, 0, 0, 0, 517, 531, 774, 5028, 3795, 53594, 9615, 805, 1501, 1207, 1058, 1231, 3962, 4011, 3996, 2290, 2302, 2319, 160, 119, 77, 0, 0, 0, 0, 0, 0, 0, 0, 0, 0, 0, 0, 0, 0, 0, 0, 0, 0, 0, 0, 1691, 59269, 32767, 65535, 280, 0, 0, 0, 32767, 65535, 65535, 65534, 0, 0, 0, 0, 0, 0, 0, 0, 0, 0, 0, 0, 0, 0, 0, 0, 0, 0, 0, 0, 0, 0, 0, 0, 0, 0, 0, 0, 0, 0, 0, 0, 0, 0, 0, 0, 3795, 53594, 3938, 15982, 1033, 44875, 774, 805, 221, 9615, 3990, 2303, 1166, 5028, 776, 811, 232, 1147, 1180, 333, 1207, 1058, 1231, 443]',125,0,'2018-11-15 08:12:51'),(73,42,1,'[False, False, False, False, False, False, False, False, False, False, False, False, False, True, False, False, False, False, False, True, True, False, False, False, False, False, False, False, True, False, False, False, False, False, False, False, True, False, False, False, False, False, False, False, False, False, False, False, False, False, False, False, False, False, False, False, False, False, False, False, False, False, False, False]',64,0,'2018-11-15 08:12:51'),(74,44,0,'[6000, 6000, 168, 211, 0, 0, 0, 0, 0, 768, 0, 0, 535, 535, 0, 504, 0, 18394, 9840, 77, 0, 202, 83, 50, 3992, 4014, 3965, 2293, 2320, 2291, 149, 222, 91, 0, 0, 0, 0, 0, 0, 0, 0, 0, 0, 0, 0, 0, 0, 0, 0, 0, 0, 0, 0, 0, 0, 0, 0, 0, 0, 0, 0, 0, 65535, 65535, 65534, 0, 0, 0, 0, 0, 893, 892, 0, 0, 0, 0, 0, 0, 0, 0, 0, 0, 0, 0, 0, 0, 0, 0, 0, 0, 262, 768, 1028, 0, 2, 0, 0, 0, 0, 0, 262, 768, 515, 1000, 90, 515, 180, 0, 18394, 60645, 18126, 61101, 16627, 46531, 16631, 42081, 16299, 59244, 16251, 61288, 17351, 27918, 17254, 20566, 16691]',125,0,'2018-11-15 08:12:51'),(75,44,1,'[False, False, False, False, False, False, False, False, False, False, False, True, False, True, True, False, False, False, False, False, False, False, False, False, False, False, False, False, True, False, False, False, False, False, False, False, True, False, False, False, False, False, False, False, False, False, False, False, False, False, False, False, False, False, False, False, False, False, False, False, False, False, False, False]',64,0,'2018-11-15 08:12:51'),(76,43,1,'[False, False, False, False, False, False, False, False, False, False, False, False, False, False, False, False, False, False, False, False, False, True, True, True, True, False, False, False, False, False, False, False, False, False, False, False, True, False, False, False, False, False, False, False, False, False, False, False, False, False, False, False, False, False, False, False, False, False, False, False, False, False, False, True]',64,0,'2018-11-15 08:12:51'),(77,45,0,'[173, 6000, 209, 188, 541, 534, 0, 0, 0, 11546, 0, 0, 541, 534, 5028, 1374, 6455, 8521, 9811, 1401, 2111, 1987, 2203, 2048, 3896, 3882, 3903, 2255, 2242, 2248, 18, 16, 15, 0, 0, 0, 0, 0, 0, 0, 0, 0, 0, 0, 0, 0, 0, 0, 0, 0, 0, 0, 0, 36, 45831, 32761, 65530, 293, 65532, 0, 0, 0, 65535, 65535, 65534, 0, 0, 0, 0, 0, 0, 0, 0, 0, 0, 0, 0, 0, 0, 0, 0, 0, 0, 0, 0, 0, 0, 0, 0, 0, 0, 0, 0, 0, 0, 0, 0, 0, 0, 0, 0, 6455, 8521, 6602, 31411, 1368, 24253, 1374, 1401, 270, 9811, 3894, 2248, 2077, 5028, 1390, 1423, 303, 1858, 1876, 432, 1987, 2203, 2048, 552]',125,0,'2018-11-15 08:12:51'),(78,45,1,'[False, False, False, False, False, False, False, False, False, False, False, False, False, False, True, False, False, True, True, False, False, False, False, False, False, False, False, True, True, False, False, False, False, False, False, False, True, False, False, False, False, False, False, False, False, False, False, False, False, True, False, False, False, False, False, False, False, False, False, False, False, False, False, True]',64,0,'2018-11-15 08:12:51'),(79,47,0,'[202, 163, 251, 222, 172, 170, 151, 181, 189, 506, 102, 529, 540, 535, 538, 501, 43361, 19345, 9580, 581, 0, 907, 826, 877, 3900, 3869, 3895, 2245, 2237, 2231, 76, 115, 102, 0, 0, 0, 0, 0, 0, 0, 0, 0, 0, 0, 0, 0, 0, 0, 0, 0, 0, 0, 0, 43, 43770, 32767, 65535, 266, 92, 0, 0, 0, 65535, 65535, 65535, 65535, 0, 0, 0, 0, 0, 0, 0, 0, 0, 0, 0, 0, 0, 0, 0, 0, 0, 0, 0, 0, 0, 0, 0, 0, 262, 768, 1028, 0, 2, 1028, 4, 1890, 5060, 0, 262, 768, 515, 1000, 90, 515, 180, 43361, 19345, 14549, 19153, 6017, 17420, 15075, 17425, 64181, 17186, 17005, 16245, 60134, 17346, 16066, 17247, 49152, 17497]',125,0,'2018-11-15 08:13:57'),(80,47,1,'[False, False, False, False, False, False, False, False, False, False, False, False, False, False, False, True, False, False, False, False, False, False, False, False, False, False, False, False, False, False, False, False, False, False, False, False, False, False, False, False, False, False, False, False, False, False, False, False, False, False, False, False, False, False, False, False, False, False, False, False, False, False, False, False]',64,0,'2018-11-15 08:13:57'),(81,48,0,'[176, 130, 201, 119, 0, 0, 0, 0, 0, 0, 0, 0, 517, 531, 774, 5028, 3795, 53594, 9615, 805, 1501, 1207, 1058, 1231, 3962, 4011, 3996, 2290, 2302, 2319, 160, 119, 77, 0, 0, 0, 0, 0, 0, 0, 0, 0, 0, 0, 0, 0, 0, 0, 0, 0, 0, 0, 0, 1691, 59269, 32767, 65535, 280, 0, 0, 0, 32767, 65535, 65535, 65534, 0, 0, 0, 0, 0, 0, 0, 0, 0, 0, 0, 0, 0, 0, 0, 0, 0, 0, 0, 0, 0, 0, 0, 0, 0, 0, 0, 0, 0, 0, 0, 0, 0, 0, 0, 0, 3795, 53594, 3938, 15982, 1033, 44875, 774, 805, 221, 9615, 3990, 2303, 1166, 5028, 776, 811, 232, 1147, 1180, 333, 1207, 1058, 1231, 443]',125,0,'2018-11-15 08:13:57'),(82,49,0,'[8500, 248, 191, 210, 529, 532, 0, 0, 0, 0, 0, 0, 0, 0, 0, 448, 5642, 41893, 9850, 503, 860, 745, 643, 635, 3884, 3907, 3882, 2240, 2251, 2250, 16, 15, 14, 0, 0, 0, 0, 0, 0, 0, 0, 0, 0, 0, 0, 0, 0, 0, 0, 0, 0, 0, 0, 3, 43301, 32767, 65535, 270, 65535, 0, 0, 0, 65535, 65535, 65535, 65534, 0, 0, 0, 0, 262, 768, 515, 4104, 7, 515, 14, 65535, 65535, 65535, 65534, 0, 12945, 22, 0, 0, 0, 0, 0, 0, 262, 768, 515, 3999, 52, 515, 104, 5642, 41893, 5859, 16679, 1555, 28129, 448, 455, 77, 9850, 3884, 2243, 676, 5024, 491, 503, 107, 839, 860, 224, 745, 643, 635, 142, 828, 768, 750, 1399]',125,0,'2018-11-15 08:13:57'),(83,51,0,'[171, 6000, 210, 187, 541, 534, 0, 0, 0, 11552, 0, 0, 541, 534, 5017, 1443, 6455, 8803, 9646, 1496, 2111, 2032, 2212, 2129, 3889, 3873, 3891, 2251, 2236, 2241, 18, 16, 16, 0, 0, 0, 0, 0, 0, 0, 0, 0, 0, 0, 0, 0, 0, 0, 0, 0, 0, 0, 0, 36, 45831, 32761, 65530, 294, 65532, 0, 0, 0, 65535, 65535, 65534, 0, 0, 0, 0, 0, 0, 0, 0, 0, 0, 0, 0, 0, 0, 0, 0, 0, 0, 0, 0, 0, 0, 0, 0, 0, 0, 0, 0, 0, 0, 0, 0, 0, 0, 0, 0, 6455, 8803, 6602, 31697, 1368, 24305, 1443, 1496, 383, 9646, 3880, 2241, 2224, 5017, 1383, 1413, 290, 1858, 1876, 432, 2032, 2212, 2129, 552]',125,0,'2018-11-15 08:13:57'),(84,50,0,'[6000, 6000, 166, 212, 0, 0, 0, 0, 0, 768, 0, 0, 535, 535, 0, 504, 0, 18394, 9840, 77, 0, 202, 83, 50, 3992, 4014, 3965, 2293, 2320, 2291, 149, 222, 91, 0, 0, 0, 0, 0, 0, 0, 0, 0, 0, 0, 0, 0, 0, 0, 0, 0, 0, 0, 0, 0, 0, 0, 0, 0, 0, 0, 0, 0, 65535, 65535, 65534, 0, 0, 0, 0, 0, 893, 892, 0, 0, 0, 0, 0, 0, 0, 0, 0, 0, 0, 0, 0, 0, 0, 0, 0, 0, 262, 768, 1028, 0, 2, 0, 0, 0, 0, 0, 262, 768, 515, 1000, 90, 515, 180, 0, 18394, 60645, 18126, 61101, 16627, 46531, 16631, 42081, 16299, 59244, 16251, 61288, 17351, 27918, 17254, 20566, 16691]',125,0,'2018-11-15 08:13:57'),(85,48,1,'[False, False, False, False, False, False, False, False, False, False, False, False, False, False, False, False, False, False, False, False, False, True, True, True, True, False, False, False, False, False, False, False, False, False, False, False, True, False, False, False, False, False, False, False, False, False, False, False, False, False, False, False, False, False, False, False, False, False, False, False, False, False, False, False]',64,0,'2018-11-15 08:13:57'),(86,49,1,'[False, False, False, False, False, False, False, False, False, False, False, False, False, True, False, False, False, False, False, True, True, False, False, False, False, False, False, False, True, False, False, False, False, False, False, False, True, False, False, False, False, False, False, False, False, False, False, False, False, False, False, False, False, False, False, False, False, False, False, False, False, False, False, True]',64,0,'2018-11-15 08:13:57'),(87,50,1,'[False, False, False, False, False, False, False, False, False, False, False, True, False, True, True, False, False, False, False, False, False, False, False, False, False, False, False, False, True, False, False, False, False, False, False, False, True, False, False, False, False, False, False, False, False, False, False, False, False, False, False, False, False, False, False, False, False, False, False, False, False, False, False, True]',64,0,'2018-11-15 08:13:57'),(88,51,1,'[False, False, False, False, False, False, False, False, False, False, False, False, False, False, True, False, False, True, True, False, False, False, False, False, False, False, False, True, True, False, False, False, False, False, False, False, True, False, False, False, False, False, False, False, False, False, False, False, False, True, False, False, False, False, False, False, False, False, False, False, False, False, False, True]',64,0,'2018-11-15 08:13:57');
/*!40000 ALTER TABLE `polldata` ENABLE KEYS */;
UNLOCK TABLES;

--
-- Table structure for table `pollreport`
--

DROP TABLE IF EXISTS `pollreport`;
/*!40101 SET @saved_cs_client     = @@character_set_client */;
/*!40101 SET character_set_client = utf8 */;
CREATE TABLE `pollreport` (
  `id` int(11) NOT NULL AUTO_INCREMENT,
  PRIMARY KEY (`id`)
) ENGINE=InnoDB DEFAULT CHARSET=latin1;
/*!40101 SET character_set_client = @saved_cs_client */;

--
-- Dumping data for table `pollreport`
--

LOCK TABLES `pollreport` WRITE;
/*!40000 ALTER TABLE `pollreport` DISABLE KEYS */;
/*!40000 ALTER TABLE `pollreport` ENABLE KEYS */;
UNLOCK TABLES;

--
-- Table structure for table `pollreportdetail`
--

DROP TABLE IF EXISTS `pollreportdetail`;
/*!40101 SET @saved_cs_client     = @@character_set_client */;
/*!40101 SET character_set_client = utf8 */;
CREATE TABLE `pollreportdetail` (
  `id` int(11) NOT NULL AUTO_INCREMENT,
  PRIMARY KEY (`id`)
) ENGINE=InnoDB DEFAULT CHARSET=latin1;
/*!40101 SET character_set_client = @saved_cs_client */;

--
-- Dumping data for table `pollreportdetail`
--

LOCK TABLES `pollreportdetail` WRITE;
/*!40000 ALTER TABLE `pollreportdetail` DISABLE KEYS */;
/*!40000 ALTER TABLE `pollreportdetail` ENABLE KEYS */;
UNLOCK TABLES;

--
-- Table structure for table `portgroup`
--

DROP TABLE IF EXISTS `portgroup`;
/*!40101 SET @saved_cs_client     = @@character_set_client */;
/*!40101 SET character_set_client = utf8 */;
CREATE TABLE `portgroup` (
  `portgroup_id` int(11) NOT NULL AUTO_INCREMENT,
  `name` varchar(100) NOT NULL,
  `description` varchar(255) DEFAULT NULL,
  `isactive` tinyint(1) NOT NULL DEFAULT '1',
  `created` timestamp NOT NULL DEFAULT CURRENT_TIMESTAMP,
  `createdby` int(4) DEFAULT NULL,
  `updated` timestamp NOT NULL DEFAULT CURRENT_TIMESTAMP,
  `updateby` int(4) DEFAULT NULL,
  PRIMARY KEY (`portgroup_id`)
) ENGINE=InnoDB AUTO_INCREMENT=9 DEFAULT CHARSET=latin1;
/*!40101 SET character_set_client = @saved_cs_client */;

--
-- Dumping data for table `portgroup`
--

LOCK TABLES `portgroup` WRITE;
/*!40000 ALTER TABLE `portgroup` DISABLE KEYS */;
INSERT INTO `portgroup` VALUES (1,'Default',NULL,1,'2018-11-14 06:43:33',NULL,'2018-11-14 06:43:33',NULL),(2,'Electricity',NULL,1,'2018-11-14 06:43:33',NULL,'2018-11-14 06:43:33',NULL),(3,'Temperature',NULL,1,'2018-11-14 06:43:33',NULL,'2018-11-14 06:43:33',NULL),(4,'Humidity',NULL,1,'2018-11-14 06:43:33',NULL,'2018-11-14 06:43:33',NULL),(5,'Voltage',NULL,1,'2018-11-14 06:43:33',NULL,'2018-11-14 06:43:33',NULL),(6,'Fuel Level',NULL,1,'2018-11-14 06:43:33',NULL,'2018-11-14 06:43:33',NULL),(7,'Genset',NULL,1,'2018-11-14 06:43:33',NULL,'2018-11-14 06:43:33',NULL),(8,'Oil Pressure',NULL,1,'2018-11-14 06:43:33',NULL,'2018-11-14 06:43:33',NULL);
/*!40000 ALTER TABLE `portgroup` ENABLE KEYS */;
UNLOCK TABLES;

--
-- Table structure for table `portrelation`
--

DROP TABLE IF EXISTS `portrelation`;
/*!40101 SET @saved_cs_client     = @@character_set_client */;
/*!40101 SET character_set_client = utf8 */;
CREATE TABLE `portrelation` (
  `id` int(11) NOT NULL AUTO_INCREMENT,
  `port_id` int(11) NOT NULL,
  `portanalog_id` int(11) NOT NULL,
  `isactive` tinyint(1) NOT NULL DEFAULT '1',
  `created` timestamp NOT NULL DEFAULT CURRENT_TIMESTAMP,
  `createdby` int(4) DEFAULT NULL,
  `updated` timestamp NOT NULL DEFAULT CURRENT_TIMESTAMP,
  `updateby` int(4) DEFAULT NULL,
  PRIMARY KEY (`id`),
  UNIQUE KEY `port_id` (`port_id`),
  KEY `fk_portrelation_ports_analog` (`portanalog_id`),
  CONSTRAINT `fk_portrelation_ports_analog` FOREIGN KEY (`portanalog_id`) REFERENCES `ports` (`port_id`),
  CONSTRAINT `fk_portrelation_ports_digital` FOREIGN KEY (`port_id`) REFERENCES `ports` (`port_id`)
) ENGINE=InnoDB DEFAULT CHARSET=latin1;
/*!40101 SET character_set_client = @saved_cs_client */;

--
-- Dumping data for table `portrelation`
--

LOCK TABLES `portrelation` WRITE;
/*!40000 ALTER TABLE `portrelation` DISABLE KEYS */;
/*!40000 ALTER TABLE `portrelation` ENABLE KEYS */;
UNLOCK TABLES;

--
-- Table structure for table `ports`
--

DROP TABLE IF EXISTS `ports`;
/*!40101 SET @saved_cs_client     = @@character_set_client */;
/*!40101 SET character_set_client = utf8 */;
CREATE TABLE `ports` (
  `port_id` int(11) NOT NULL AUTO_INCREMENT,
  `name` varchar(100) NOT NULL,
  `description` varchar(255) DEFAULT NULL,
  `portgroup_id` int(11) NOT NULL,
  `isdigital` tinyint(1) NOT NULL DEFAULT '0',
  `registeredports` int(11) DEFAULT NULL,
  `isactive` tinyint(1) NOT NULL DEFAULT '1',
  `minvalue` int(11) DEFAULT NULL,
  `maxvalue` int(11) DEFAULT NULL,
  `scalefactor` int(11) DEFAULT NULL,
  `unit` varchar(5) DEFAULT NULL,
  `usegraph` tinyint(1) NOT NULL DEFAULT '1',
  `graphtype_id` int(4) DEFAULT NULL,
  `created` timestamp NOT NULL DEFAULT CURRENT_TIMESTAMP,
  `createdby` int(4) DEFAULT NULL,
  `updated` timestamp NOT NULL DEFAULT CURRENT_TIMESTAMP,
  `updateby` int(4) DEFAULT NULL,
  PRIMARY KEY (`port_id`),
  UNIQUE KEY `name` (`name`),
  KEY `fk_port_portgroup` (`portgroup_id`),
  KEY `fk_ports_graphtype` (`graphtype_id`),
  CONSTRAINT `fk_port_portgroup` FOREIGN KEY (`portgroup_id`) REFERENCES `portgroup` (`portgroup_id`),
  CONSTRAINT `fk_ports_graphtype` FOREIGN KEY (`graphtype_id`) REFERENCES `graphtype` (`graphtype_id`)
) ENGINE=InnoDB AUTO_INCREMENT=113 DEFAULT CHARSET=latin1;
/*!40101 SET character_set_client = @saved_cs_client */;

--
-- Dumping data for table `ports`
--

LOCK TABLES `ports` WRITE;
/*!40000 ALTER TABLE `ports` DISABLE KEYS */;
INSERT INTO `ports` VALUES (1,'01D','PLN',1,1,0,1,NULL,NULL,NULL,NULL,1,1,'2018-11-14 06:43:33',NULL,'2018-11-14 06:43:33',NULL),(2,'02D','Genset-1',1,1,1,1,NULL,NULL,NULL,NULL,1,1,'2018-11-14 06:43:33',NULL,'2018-11-14 06:43:33',NULL),(3,'03D','Genset-2',1,1,2,1,NULL,NULL,NULL,NULL,1,1,'2018-11-14 06:43:33',NULL,'2018-11-14 06:43:33',NULL),(4,'04D','Mains Fail Rectifier #1',1,1,3,1,NULL,NULL,NULL,NULL,1,1,'2018-11-14 06:43:33',NULL,'2018-11-14 06:43:33',NULL),(5,'05D','Rectifier #1 Fault',1,1,4,1,NULL,NULL,NULL,NULL,1,1,'2018-11-14 06:43:33',NULL,'2018-11-14 06:43:33',NULL),(6,'06D','Mains Fail Rectifier #2',1,1,5,1,NULL,NULL,NULL,NULL,1,1,'2018-11-14 06:43:33',NULL,'2018-11-14 06:43:33',NULL),(7,'07D','Rectifier #2 Fault',1,1,6,1,NULL,NULL,NULL,NULL,1,1,'2018-11-14 06:43:33',NULL,'2018-11-14 06:43:33',NULL),(8,'08D','',1,1,7,1,NULL,NULL,NULL,NULL,1,1,'2018-11-14 06:43:33',NULL,'2018-11-14 06:43:33',NULL),(9,'09D','',1,1,8,1,NULL,NULL,NULL,NULL,1,1,'2018-11-14 06:43:33',NULL,'2018-11-14 06:43:33',NULL),(10,'10D','',1,1,9,1,NULL,NULL,NULL,NULL,1,1,'2018-11-14 06:43:33',NULL,'2018-11-14 06:43:33',NULL),(11,'11D','',1,1,10,1,NULL,NULL,NULL,NULL,1,1,'2018-11-14 06:43:33',NULL,'2018-11-14 06:43:33',NULL),(12,'12D','',1,1,11,1,NULL,NULL,NULL,NULL,1,1,'2018-11-14 06:43:33',NULL,'2018-11-14 06:43:33',NULL),(13,'13D','PLN & GENSET',2,1,12,1,NULL,NULL,NULL,NULL,1,1,'2018-11-14 06:43:33',NULL,'2018-11-14 06:43:33',NULL),(14,'14D','Temperatur Room 1',3,1,13,1,NULL,NULL,NULL,NULL,1,1,'2018-11-14 06:43:33',NULL,'2018-11-14 06:43:33',NULL),(15,'15D','Temperatur Room 2',3,1,14,1,NULL,NULL,NULL,NULL,1,1,'2018-11-14 06:43:33',NULL,'2018-11-14 06:43:33',NULL),(16,'16D','Temperatur Room 3',3,1,15,1,NULL,NULL,NULL,NULL,1,1,'2018-11-14 06:43:33',NULL,'2018-11-14 06:43:33',NULL),(17,'17D','Temperatur Room 4',3,1,16,1,NULL,NULL,NULL,NULL,1,1,'2018-11-14 06:43:33',NULL,'2018-11-14 06:43:33',NULL),(18,'18D','Temperatur Room 5',3,1,17,1,NULL,NULL,NULL,NULL,1,1,'2018-11-14 06:43:33',NULL,'2018-11-14 06:43:33',NULL),(19,'19D','Temperatur Room 6',3,1,18,1,NULL,NULL,NULL,NULL,1,1,'2018-11-14 06:43:33',NULL,'2018-11-14 06:43:33',NULL),(20,'20D','Temperatur Room 7',3,1,19,1,NULL,NULL,NULL,NULL,1,1,'2018-11-14 06:43:33',NULL,'2018-11-14 06:43:33',NULL),(21,'21D','Temperatur Room 8',3,1,20,1,NULL,NULL,NULL,NULL,1,1,'2018-11-14 06:43:33',NULL,'2018-11-14 06:43:33',NULL),(22,'22D','Humidity Room 1',4,1,21,1,NULL,NULL,NULL,NULL,1,1,'2018-11-14 06:43:33',NULL,'2018-11-14 06:43:33',NULL),(23,'23D','Humidity Room 2',4,1,22,1,NULL,NULL,NULL,NULL,1,1,'2018-11-14 06:43:33',NULL,'2018-11-14 06:43:33',NULL),(24,'24D','Humidity Room 3',4,1,23,1,NULL,NULL,NULL,NULL,1,1,'2018-11-14 06:43:33',NULL,'2018-11-14 06:43:33',NULL),(25,'25D','Humidity Room 4',4,1,24,1,NULL,NULL,NULL,NULL,1,1,'2018-11-14 06:43:33',NULL,'2018-11-14 06:43:33',NULL),(26,'26D','DC Voltage Rect #1',5,1,25,1,NULL,NULL,NULL,NULL,1,1,'2018-11-14 06:43:33',NULL,'2018-11-14 06:43:33',NULL),(27,'27D','DC Voltage Rect #2',5,1,26,1,NULL,NULL,NULL,NULL,1,1,'2018-11-14 06:43:33',NULL,'2018-11-14 06:43:33',NULL),(28,'28D','DC Voltage Rect #3',5,1,27,1,NULL,NULL,NULL,NULL,1,1,'2018-11-14 06:43:33',NULL,'2018-11-14 06:43:33',NULL),(29,'29D','DC Voltage Rect #4',5,1,28,1,NULL,NULL,NULL,NULL,1,1,'2018-11-14 06:43:33',NULL,'2018-11-14 06:43:33',NULL),(30,'30D','Total Power Factor',5,1,29,1,NULL,NULL,NULL,NULL,1,1,'2018-11-14 06:43:33',NULL,'2018-11-14 06:43:33',NULL),(31,'31D','Voltage R-N',5,1,30,1,NULL,NULL,NULL,NULL,1,1,'2018-11-14 06:43:33',NULL,'2018-11-14 06:43:33',NULL),(32,'32D','Voltage S-N',5,1,31,1,NULL,NULL,NULL,NULL,1,1,'2018-11-14 06:43:33',NULL,'2018-11-14 06:43:33',NULL),(33,'33D','Voltage T-N',5,1,32,1,NULL,NULL,NULL,NULL,1,1,'2018-11-14 06:43:33',NULL,'2018-11-14 06:43:33',NULL),(34,'34D','High Temperatur DEG',1,1,33,1,NULL,NULL,NULL,NULL,1,1,'2018-11-14 06:43:33',NULL,'2018-11-14 06:43:33',NULL),(35,'35D','Low Oil Pressure DEG',1,1,34,1,NULL,NULL,NULL,NULL,1,1,'2018-11-14 06:43:33',NULL,'2018-11-14 06:43:33',NULL),(36,'36D','General Alarm DEG',1,1,35,1,NULL,NULL,NULL,NULL,1,1,'2018-11-14 06:43:33',NULL,'2018-11-14 06:43:33',NULL),(37,'37D','Fuel Level DEG',8,1,36,1,NULL,NULL,NULL,NULL,1,1,'2018-11-14 06:43:33',NULL,'2018-11-14 06:43:33',NULL),(38,'38D','',1,1,37,1,NULL,NULL,NULL,NULL,1,1,'2018-11-14 06:43:33',NULL,'2018-11-14 06:43:33',NULL),(39,'39D','',1,1,38,1,NULL,NULL,NULL,NULL,1,1,'2018-11-14 06:43:33',NULL,'2018-11-14 06:43:33',NULL),(40,'40D','',1,1,39,1,NULL,NULL,NULL,NULL,1,1,'2018-11-14 06:43:33',NULL,'2018-11-14 06:43:33',NULL),(41,'41D','',1,1,40,1,NULL,NULL,NULL,NULL,1,1,'2018-11-14 06:43:33',NULL,'2018-11-14 06:43:33',NULL),(42,'42D','',1,1,41,1,NULL,NULL,NULL,NULL,1,1,'2018-11-14 06:43:33',NULL,'2018-11-14 06:43:33',NULL),(43,'43D','',1,1,42,1,NULL,NULL,NULL,NULL,1,1,'2018-11-14 06:43:33',NULL,'2018-11-14 06:43:33',NULL),(44,'44D','',1,1,43,1,NULL,NULL,NULL,NULL,1,1,'2018-11-14 06:43:33',NULL,'2018-11-14 06:43:33',NULL),(45,'45D','',1,1,44,1,NULL,NULL,NULL,NULL,1,1,'2018-11-14 06:43:33',NULL,'2018-11-14 06:43:33',NULL),(46,'46D','',1,1,45,1,NULL,NULL,NULL,NULL,1,1,'2018-11-14 06:43:33',NULL,'2018-11-14 06:43:33',NULL),(47,'47D','',1,1,46,1,NULL,NULL,NULL,NULL,1,1,'2018-11-14 06:43:33',NULL,'2018-11-14 06:43:33',NULL),(48,'48D','',1,1,47,1,NULL,NULL,NULL,NULL,1,1,'2018-11-14 06:43:33',NULL,'2018-11-14 06:43:33',NULL),(49,'49D','',1,1,48,1,NULL,NULL,NULL,NULL,1,1,'2018-11-14 06:43:33',NULL,'2018-11-14 06:43:33',NULL),(50,'01A','Temperatur SWT',3,0,0,1,0,99999999,1,'C',1,3,'2018-11-14 06:43:33',NULL,'2018-11-14 06:43:33',NULL),(51,'02A','Temperatur TRA',3,0,1,1,0,99999999,1,'C',1,3,'2018-11-14 06:43:33',NULL,'2018-11-14 06:43:33',NULL),(52,'03A','Temperatur RECT',3,0,2,1,0,99999999,1,'C',1,3,'2018-11-14 06:43:33',NULL,'2018-11-14 06:43:33',NULL),(53,'04A','Temperatur NGN',3,0,3,1,0,99999999,1,'C',1,3,'2018-11-14 06:43:33',NULL,'2018-11-14 06:43:33',NULL),(54,'05A','Temp',3,0,4,1,0,99999999,1,'C',1,3,'2018-11-14 06:43:33',NULL,'2018-11-14 06:43:33',NULL),(55,'06A','Temp',3,0,5,1,0,99999999,1,'C',1,3,'2018-11-14 06:43:33',NULL,'2018-11-14 06:43:33',NULL),(56,'07A','Temp',3,0,6,1,0,99999999,1,'C',1,3,'2018-11-14 06:43:33',NULL,'2018-11-14 06:43:33',NULL),(57,'08A','Temp',3,0,7,1,0,99999999,1,'C',1,3,'2018-11-14 06:43:33',NULL,'2018-11-14 06:43:33',NULL),(58,'09A','Humidity',4,0,8,1,0,99999999,1,'C',1,3,'2018-11-14 06:43:33',NULL,'2018-11-14 06:43:33',NULL),(59,'10A','Humidity',4,0,9,1,0,99999999,1,'',1,3,'2018-11-14 06:43:33',NULL,'2018-11-14 06:43:33',NULL),(60,'11A','Humidity',4,0,10,1,0,99999999,1,'',1,3,'2018-11-14 06:43:33',NULL,'2018-11-14 06:43:33',NULL),(61,'12A','Humidity',4,0,11,1,0,99999999,1,'',1,3,'2018-11-14 06:43:33',NULL,'2018-11-14 06:43:33',NULL),(62,'13A','DC Volt Rect',5,0,12,1,0,99999999,1,'V',1,2,'2018-11-14 06:43:33',NULL,'2018-11-14 06:43:33',NULL),(63,'14A','DC Volt Rect',5,0,13,1,0,99999999,1,'V',1,2,'2018-11-14 06:43:33',NULL,'2018-11-14 06:43:33',NULL),(64,'15A','DC Volt Rect',5,0,14,1,0,99999999,1,'V',1,2,'2018-11-14 06:43:33',NULL,'2018-11-14 06:43:33',NULL),(65,'16A','DC Volt Rect',5,0,15,1,0,99999999,1,'V',1,2,'2018-11-14 06:43:33',NULL,'2018-11-14 06:43:33',NULL),(66,'17A','KWH',2,0,16,1,0,99999999,1,'KWH',1,2,'2018-11-14 06:43:33',NULL,'2018-11-14 06:43:33',NULL),(68,'18A','Total Power Factor',2,0,17,1,0,99999999,1,'',1,2,'2018-11-14 06:43:33',NULL,'2018-11-14 06:43:33',NULL),(69,'19A','KVA (current)',2,0,18,1,0,99999999,1,'KVA',1,2,'2018-11-14 06:43:33',NULL,'2018-11-14 06:43:33',NULL),(70,'20A','KVA (max)',2,0,19,1,0,99999999,1,'KVA',1,2,'2018-11-14 06:43:33',NULL,'2018-11-14 06:43:33',NULL),(71,'21A','Ampere R',2,0,20,1,0,99999999,1,'A',1,2,'2018-11-14 06:43:33',NULL,'2018-11-14 06:43:33',NULL),(72,'22A','Ampere S',2,0,21,1,0,99999999,1,'A',1,2,'2018-11-14 06:43:33',NULL,'2018-11-14 06:43:33',NULL),(73,'23A','Ampere T',2,0,22,1,0,99999999,1,'A',1,2,'2018-11-14 06:43:33',NULL,'2018-11-14 06:43:33',NULL),(74,'24A','Voltage R-S',2,0,23,1,0,99999999,1,'V',1,2,'2018-11-14 06:43:33',NULL,'2018-11-14 06:43:33',NULL),(75,'25A','Voltage S-T',2,0,24,1,0,99999999,1,'V',1,2,'2018-11-14 06:43:33',NULL,'2018-11-14 06:43:33',NULL),(76,'26A','Voltage R-T',2,0,25,1,0,99999999,1,'V',1,2,'2018-11-14 06:43:33',NULL,'2018-11-14 06:43:33',NULL),(77,'27A','Voltage R-N',2,0,26,1,0,99999999,1,'V',1,2,'2018-11-14 06:43:33',NULL,'2018-11-14 06:43:33',NULL),(78,'28A','Voltage S-N',2,0,27,1,0,99999999,1,'V',1,2,'2018-11-14 06:43:33',NULL,'2018-11-14 06:43:33',NULL),(79,'29A','Voltage T-N',2,0,28,1,0,99999999,1,'V',1,2,'2018-11-14 06:43:33',NULL,'2018-11-14 06:43:33',NULL),(80,'30A','THD  R-N',1,0,29,1,0,99999999,1,'',1,1,'2018-11-14 06:43:33',NULL,'2018-11-14 06:43:33',NULL),(81,'31A','THD  S-N',1,0,30,1,0,99999999,1,'',1,1,'2018-11-14 06:43:33',NULL,'2018-11-14 06:43:33',NULL),(82,'32A','THD  T-N',1,0,31,1,0,99999999,1,'',1,1,'2018-11-14 06:43:33',NULL,'2018-11-14 06:43:33',NULL),(83,'33A','KVA (current) GENSET',7,0,32,1,0,99999999,1,'KVA',1,3,'2018-11-14 06:43:33',NULL,'2018-11-14 06:43:33',NULL),(85,'34A','Ampere R GENSET',7,0,33,1,0,99999999,1,'A',1,3,'2018-11-14 06:43:33',NULL,'2018-11-14 06:43:33',NULL),(87,'35A','Ampere S GENSET',7,0,34,1,0,99999999,1,'A',1,3,'2018-11-14 06:43:33',NULL,'2018-11-14 06:43:33',NULL),(89,'36A','Ampere T GENSET',7,0,35,1,0,99999999,1,'A',1,3,'2018-11-14 06:43:33',NULL,'2018-11-14 06:43:33',NULL),(91,'37A','Voltage R-S GENSET',7,0,36,1,0,99999999,1,'V',1,3,'2018-11-14 06:43:33',NULL,'2018-11-14 06:43:33',NULL),(93,'38A','Voltage S-T GENSET',7,0,37,1,0,99999999,1,'V',1,3,'2018-11-14 06:43:33',NULL,'2018-11-14 06:43:33',NULL),(95,'39A','Voltage R-T GENSET',7,0,38,1,0,99999999,1,'V',1,3,'2018-11-14 06:43:33',NULL,'2018-11-14 06:43:33',NULL),(97,'40A','Voltage R-N GENSET',7,0,39,1,0,99999999,1,'V',1,3,'2018-11-14 06:43:33',NULL,'2018-11-14 06:43:33',NULL),(99,'41A','Voltage S-N GENSET',7,0,40,1,0,99999999,1,'V',1,3,'2018-11-14 06:43:33',NULL,'2018-11-14 06:43:33',NULL),(101,'42A','Voltage T-N GENSET',7,0,41,1,0,99999999,1,'V',1,3,'2018-11-14 06:43:33',NULL,'2018-11-14 06:43:33',NULL),(103,'43A','Hour Counter GENSET',7,0,42,1,0,99999999,1,'',1,2,'2018-11-14 06:43:33',NULL,'2018-11-14 06:43:33',NULL),(105,'44A','Temperatur',3,0,43,1,0,99999999,1,'C',1,2,'2018-11-14 06:43:33',NULL,'2018-11-14 06:43:33',NULL),(106,'45A','Oil Pressure',8,0,44,1,0,10000,1,'kPa',1,2,'2018-11-14 06:43:33',NULL,'2018-11-14 06:43:33',NULL),(107,'46A','Voltage Batt. Starter',5,0,45,1,0,9999,1,'V',1,2,'2018-11-14 06:43:33',NULL,'2018-11-14 06:43:33',NULL),(108,'47A','Fuel Level',6,0,46,1,0,130,1,'%',1,2,'2018-11-14 06:43:33',NULL,'2018-11-14 06:43:33',NULL),(109,'48A','',1,0,47,1,0,99999999,1,'',1,1,'2018-11-14 06:43:33',NULL,'2018-11-14 06:43:33',NULL),(110,'49A','',1,0,48,1,0,99999999,1,'',1,1,'2018-11-14 06:43:33',NULL,'2018-11-14 06:43:33',NULL),(111,'50A','',1,0,49,1,0,99999999,1,'',1,1,'2018-11-14 06:43:33',NULL,'2018-11-14 06:43:33',NULL),(112,'51A','',1,0,50,1,0,99999999,1,'',1,1,'2018-11-14 06:43:33',NULL,'2018-11-14 06:43:33',NULL);
/*!40000 ALTER TABLE `ports` ENABLE KEYS */;
UNLOCK TABLES;

--
-- Table structure for table `settings`
--

DROP TABLE IF EXISTS `settings`;
/*!40101 SET @saved_cs_client     = @@character_set_client */;
/*!40101 SET character_set_client = utf8 */;
CREATE TABLE `settings` (
  `id` int(11) NOT NULL AUTO_INCREMENT,
  `name` varchar(100) NOT NULL,
  `value` varchar(255) NOT NULL,
  `isactive` tinyint(1) NOT NULL DEFAULT '1',
  `created` timestamp NOT NULL DEFAULT CURRENT_TIMESTAMP,
  `updated` timestamp NOT NULL DEFAULT CURRENT_TIMESTAMP,
  PRIMARY KEY (`id`),
  UNIQUE KEY `name` (`name`)
) ENGINE=InnoDB AUTO_INCREMENT=3 DEFAULT CHARSET=latin1;
/*!40101 SET character_set_client = @saved_cs_client */;

--
-- Dumping data for table `settings`
--

LOCK TABLES `settings` WRITE;
/*!40000 ALTER TABLE `settings` DISABLE KEYS */;
INSERT INTO `settings` VALUES (1,'max_analog_register','128',1,'2018-11-14 06:43:34','2018-11-14 06:43:34'),(2,'max_digital_register','64',1,'2018-11-14 06:43:34','2018-11-14 06:43:34');
/*!40000 ALTER TABLE `settings` ENABLE KEYS */;
UNLOCK TABLES;

--
-- Table structure for table `site`
--

DROP TABLE IF EXISTS `site`;
/*!40101 SET @saved_cs_client     = @@character_set_client */;
/*!40101 SET character_set_client = utf8 */;
CREATE TABLE `site` (
  `site_id` int(11) NOT NULL AUTO_INCREMENT,
  `name` varchar(100) NOT NULL,
  `description` varchar(255) DEFAULT NULL,
  `isactive` tinyint(1) NOT NULL DEFAULT '1',
  `isdefault` tinyint(1) NOT NULL DEFAULT '0',
  `supervisor_id` int(4) DEFAULT NULL,
  `created` timestamp NOT NULL DEFAULT CURRENT_TIMESTAMP,
  `createdby` int(4) DEFAULT NULL,
  `updated` timestamp NOT NULL DEFAULT CURRENT_TIMESTAMP,
  `updatedby` int(4) DEFAULT NULL,
  PRIMARY KEY (`site_id`)
) ENGINE=InnoDB AUTO_INCREMENT=2 DEFAULT CHARSET=latin1;
/*!40101 SET character_set_client = @saved_cs_client */;

--
-- Dumping data for table `site`
--

LOCK TABLES `site` WRITE;
/*!40000 ALTER TABLE `site` DISABLE KEYS */;
INSERT INTO `site` VALUES (1,'Default',NULL,1,0,NULL,'2018-11-14 06:43:32',NULL,'2018-11-14 06:43:32',NULL);
/*!40000 ALTER TABLE `site` ENABLE KEYS */;
UNLOCK TABLES;

--
-- Table structure for table `user`
--

DROP TABLE IF EXISTS `user`;
/*!40101 SET @saved_cs_client     = @@character_set_client */;
/*!40101 SET character_set_client = utf8 */;
CREATE TABLE `user` (
  `id` int(11) NOT NULL AUTO_INCREMENT,
  `username` varchar(255) COLLATE utf8_unicode_ci NOT NULL,
  `auth_key` varchar(32) COLLATE utf8_unicode_ci NOT NULL,
  `password_hash` varchar(255) COLLATE utf8_unicode_ci NOT NULL,
  `password_reset_token` varchar(255) COLLATE utf8_unicode_ci DEFAULT NULL,
  `email` varchar(255) COLLATE utf8_unicode_ci NOT NULL,
  `name` varchar(100) COLLATE utf8_unicode_ci DEFAULT NULL,
  `status` smallint(6) NOT NULL DEFAULT '10',
  `created_at` timestamp NOT NULL DEFAULT CURRENT_TIMESTAMP,
  `updated_at` timestamp NOT NULL DEFAULT CURRENT_TIMESTAMP,
  PRIMARY KEY (`id`),
  UNIQUE KEY `username` (`username`),
  UNIQUE KEY `email` (`email`),
  UNIQUE KEY `password_reset_token` (`password_reset_token`)
) ENGINE=InnoDB AUTO_INCREMENT=2 DEFAULT CHARSET=utf8 COLLATE=utf8_unicode_ci;
/*!40101 SET character_set_client = @saved_cs_client */;

--
-- Dumping data for table `user`
--

LOCK TABLES `user` WRITE;
/*!40000 ALTER TABLE `user` DISABLE KEYS */;
INSERT INTO `user` VALUES (1,'admin','nEdzzRZzx70Z0Y4thC8Nekx1T9Vi19hw','$2y$13$r/k9Dt3WCRXuYH2wp2wRQeAFso8BxWNX3yUAgfyipvFoFpvgVyiqO','$2y$13$ZY8iCIS6VO//.AmV.LrUruQSnXwNzepqqEElPv3USG.FRRWV26liW','admin@localhost.com','Administrator',10,'2018-11-14 06:43:32','2018-11-14 06:43:32');
/*!40000 ALTER TABLE `user` ENABLE KEYS */;
UNLOCK TABLES;
/*!40103 SET TIME_ZONE=@OLD_TIME_ZONE */;

/*!40101 SET SQL_MODE=@OLD_SQL_MODE */;
/*!40014 SET FOREIGN_KEY_CHECKS=@OLD_FOREIGN_KEY_CHECKS */;
/*!40014 SET UNIQUE_CHECKS=@OLD_UNIQUE_CHECKS */;
/*!40101 SET CHARACTER_SET_CLIENT=@OLD_CHARACTER_SET_CLIENT */;
/*!40101 SET CHARACTER_SET_RESULTS=@OLD_CHARACTER_SET_RESULTS */;
/*!40101 SET COLLATION_CONNECTION=@OLD_COLLATION_CONNECTION */;
/*!40111 SET SQL_NOTES=@OLD_SQL_NOTES */;

-- Dump completed on 2018-11-20 20:57:07
